UBIGEO,COD_PROVINCIA,REGION,PROVINCIA,POB_REG,POB_PROV,POB_DIST
010101,0101,Amazonas,Chachapoyas,64242,55506,32589
010102,0101,Amazonas,Chachapoyas,64242,55506,262
010103,0101,Amazonas,Chachapoyas,64242,55506,1136
010104,0101,Amazonas,Chachapoyas,64242,55506,642
010105,0101,Amazonas,Chachapoyas,64242,55506,585
010106,0101,Amazonas,Chachapoyas,64242,55506,1781
010107,0101,Amazonas,Chachapoyas,64242,55506,480
010108,0101,Amazonas,Chachapoyas,64242,55506,1258
010109,0101,Amazonas,Chachapoyas,64242,55506,3978
010110,0101,Amazonas,Chachapoyas,64242,55506,3620
010111,0101,Amazonas,Chachapoyas,64242,55506,794
010112,0101,Amazonas,Chachapoyas,64242,55506,852
010113,0101,Amazonas,Chachapoyas,64242,55506,1367
010114,0101,Amazonas,Chachapoyas,64242,55506,2176
010115,0101,Amazonas,Chachapoyas,64242,55506,496
010116,0101,Amazonas,Chachapoyas,64242,55506,375
010117,0101,Amazonas,Chachapoyas,64242,55506,769
010118,0101,Amazonas,Chachapoyas,64242,55506,295
010119,0101,Amazonas,Chachapoyas,64242,55506,580
010120,0101,Amazonas,Chachapoyas,64242,55506,1224
010121,0101,Amazonas,Chachapoyas,64242,55506,247
010201,0102,Amazonas,Bagua,64242,72884,27102
010202,0102,Amazonas,Bagua,64242,72884,9765
010203,0102,Amazonas,Bagua,64242,72884,4595
010204,0102,Amazonas,Bagua,64242,1216,1216
010205,0102,Amazonas,Bagua,64242,72884,25162
010206,0102,Amazonas,Bagua,64242,72884,6260
010301,0103,Amazonas,Bongara,64242,19638,1337
010302,0103,Amazonas,Bongara,64242,19638,306
010303,0103,Amazonas,Bongara,64242,19638,287
010304,0103,Amazonas,Bongara,64242,19638,772
010305,0103,Amazonas,Bongara,64242,19638,669
010306,0103,Amazonas,Bongará,64242,5999,5999
010307,0103,Amazonas,Bongara,64242,19638,7580
010308,0103,Amazonas,Bongara,64242,19638,208
010309,0103,Amazonas,Bongara,64242,19638,489
010310,0103,Amazonas,Bongara,64242,19638,1539
010311,0103,Amazonas,Bongara,64242,19638,874
010312,0103,Amazonas,Bongara,64242,19638,5577
010401,0104,Amazonas,Condorcanqui,64242,42470,18626
010402,0104,Amazonas,Condorcanqui,64242,42470,9891
010403,0104,Amazonas,Condorcanqui,64242,42470,13953
010501,0105,Amazonas,Luya,64242,6186,2227
010502,0105,Amazonas,Luya,64242,38250,6473
010503,0105,Amazonas,Luya,64242,38250,1881
010504,0105,Amazonas,Luya,64242,38250,1853
010505,0105,Amazonas,Luya,64242,38250,1840
010506,0105,Amazonas,Luya,64242,38250,498
010507,0105,Amazonas,Luya,64242,38250,839
010508,0105,Amazonas,Luya,64242,38250,842
010509,0105,Amazonas,Luya,64242,6186,3959
010510,0105,Amazonas,Luya,64242,38250,388
010511,0105,Amazonas,Luya,64242,38250,744
010512,0105,Amazonas,Luya,64242,38250,3556
010513,0105,Amazonas,Luya,64242,38250,3446
010514,0105,Amazonas,Luya,64242,38250,4768
010515,0105,Amazonas,Luya,64242,38250,1316
010516,0105,Amazonas,Luya,64242,38250,546
010517,0105,Amazonas,Luya,64242,38250,695
010518,0105,Amazonas,Luya,64242,38250,633
010519,0105,Amazonas,Luya,64242,38250,419
010520,0105,Amazonas,Luya,64242,38250,1888
010521,0105,Amazonas,Luya,64242,38250,3012
010522,0105,Amazonas,Luya,64242,38250,1265
010523,0105,Amazonas,Luya,64242,38250,1348
010601,0106,Amazonas,Rodríguez de Mendoza,64242,29998,6016
010602,0106,Amazonas,Rodríguez de Mendoza,64242,29998,2498
010603,0106,Amazonas,Rodríguez de Mendoza,64242,29998,595
010604,0106,Amazonas,Rodríguez de Mendoza,64242,29998,2620
010605,0106,Amazonas,Rodríguez de Mendoza,64242,29998,2280
010606,0106,Amazonas,Rodríguez de Mendoza,64242,29998,1631
010607,0106,Amazonas,Rodríguez de Mendoza,64242,29998,1506
010608,0106,Amazonas,Rodríguez de Mendoza,64242,29998,453
010609,0106,Amazonas,Rodríguez de Mendoza,64242,29998,8793
010610,0106,Amazonas,Rodríguez de Mendoza,64242,29998,512
010611,0106,Amazonas,Rodríguez de Mendoza,64242,29998,282
010612,0106,Amazonas,Rodríguez de Mendoza,64242,29998,2812
010701,0107,Amazonas,Utcubamba,64242,50841,50841
010702,0107,Amazonas,Utcubamba,64242,56396,23089
010703,0107,Amazonas,Utcubamba,64242,56396,7855
010704,0107,Amazonas,Utcubamba,64242,56396,5825
010705,0107,Amazonas,Utcubamba,64242,56396,6620
010706,0107,Amazonas,Utcubamba,64242,56396,10080
010707,0107,Amazonas,Utcubamba,64242,56396,2927
020101,0201,Áncash,Huaraz,65550,163936,60896
020102,0201,Áncash,Huaraz,65550,163936,1639
020103,0201,Áncash,Huaraz,65550,163936,294
020104,0201,Áncash,Huaraz,65550,163936,1600
020105,0201,Áncash,Huaraz,65550,163936,76088
020106,0201,Áncash,Huaraz,65550,163936,4781
020107,0201,Áncash,Huaraz,65550,163936,1066
020108,0201,Áncash,Huaraz,65550,163936,2351
020109,0201,Áncash,Huaraz,65550,163936,956
020110,0201,Áncash,Huaraz,65550,163936,4606
020111,0201,Áncash,Huaraz,65550,163936,3321
020112,0201,Áncash,Huaraz,65550,163936,6338
020201,0202,Áncash,Aija,65550,6316,2017
020202,0202,Áncash,Aija,65550,6316,1639
020203,0202,Áncash,Aija,65550,6316,364
020204,0202,Áncash,Aija,65550,6316,1582
020205,0202,Áncash,Aija,65550,6316,714
020301,0203,Áncash,Antonio Raymondi,65550,13650,3288
020302,0203,Áncash,Antonio Raymondi,65550,13650,1918
020303,0203,Áncash,Antonio Raymondi,65550,13650,1368
020304,0203,Áncash,Antonio Raymondi,65550,13650,1851
020305,0203,Áncash,Antonio Raymondi,65550,13650,4067
020306,0203,Áncash,Antonio Raymondi,65550,13650,1158
020401,0204,Áncash,Asunción,65550,7378,4563
020402,0204,Áncash,Asunción,65550,7378,2815
020501,0205,Áncash,Bolognesi,65550,23797,4023
020502,0205,Áncash,Bolognesi,65550,23797,244
020503,0205,Áncash,Bolognesi,65550,23797,994
020504,0205,Áncash,Bolognesi,65550,23797,2062
020505,0205,Áncash,Bolognesi,65550,23797,1677
020506,0205,Áncash,Bolognesi,65550,23797,312
020507,0205,Áncash,Bolognesi,65550,23797,2313
020508,0205,Áncash,Bolognesi,65550,23797,6468
020509,0205,Áncash,Bolognesi,65550,23797,1432
020510,0205,Áncash,Bolognesi,65550,23797,1253
020511,0205,Áncash,Bolognesi,65550,23797,457
020512,0205,Áncash,Bolognesi,65550,23797,492
020513,0205,Áncash,Bolognesi,65550,23797,917
020514,0205,Áncash,Bolognesi,65550,23797,495
020515,0205,Áncash,Bolognesi,65550,23797,658
020601,0206,Áncash,Carhuaz,65550,42834,15122
020602,0206,Áncash,Carhuaz,65550,42834,2472
020603,0206,Áncash,Carhuaz,65550,42834,1431
020604,0206,Áncash,Carhuaz,65550,42834,2365
020605,0206,Áncash,Carhuaz,65550,42834,1469
020606,0206,Áncash,Carhuaz,65550,42834,9478
020607,0206,Áncash,Carhuaz,65550,42834,1381
020608,0206,Áncash,Carhuaz,65550,2350,2350
020609,0206,Áncash,Carhuaz,65550,42834,2789
020610,0206,Áncash,Carhuaz,65550,42834,3335
020611,0206,Áncash,Carhuaz,65550,42834,2992
020701,0207,Áncash,Carlos Fermín Fitzcarrald,65550,17717,10493
020702,0207,Áncash,Carlos Fermín Fitzcarrald,65550,17717,3131
020703,0207,Áncash,Carlos Fermín Fitzcarrald,65550,17717,4093
020801,0208,Áncash,Casma,65550,35765,35765
020802,0208,Áncash,Casma,65550,15224,4831
020803,0208,Áncash,Casma,65550,15224,2088
020804,0208,Áncash,Casma,65550,15224,8305
020901,0209,Áncash,Corongo,65550,7532,1677
020902,0209,Áncash,Corongo,65550,7532,379
020903,0209,Áncash,Corongo,65550,7532,445
020904,0209,Áncash,Corongo,65550,7532,2678
020905,0209,Áncash,Corongo,65550,7532,1026
020906,0209,Áncash,Corongo,65550,7532,634
020907,0209,Áncash,Corongo,65550,7532,693
021001,0210,Áncash,Huari,65550,57353,9178
021002,0210,Áncash,Huari,65550,57353,1362
021003,0210,Áncash,Huari,65550,57353,2573
021004,0210,Áncash,Huari,65550,57353,7971
021005,0210,Áncash,Huari,65550,57353,1782
021006,0210,Áncash,Huari,65550,57353,1427
021007,0210,Áncash,Huari,65550,57353,3307
021008,0210,Áncash,Huari,65550,57353,2571
021009,0210,Áncash,Huari,65550,1361,1361
021010,0210,Áncash,Huari,65550,57353,1561
021011,0210,Áncash,Huari,65550,57353,2642
021012,0210,Áncash,Huari,65550,57353,705
021013,0210,Áncash,Huari,65550,57353,1406
021014,0210,Áncash,Huari,65550,57353,17033
021015,0210,Áncash,Huari,65550,57353,2534
021016,0210,Áncash,Huari,65550,57353,1301
021101,0211,Áncash,Huarmey,65550,30560,25117
021102,0211,Áncash,Huarmey,65550,30560,740
021103,0211,Áncash,Huarmey,65550,30560,3097
021104,0211,Áncash,Huarmey,65550,30560,861
021105,0211,Áncash,Huarmey,65550,30560,745
021201,0212,Áncash,Huaylas,65550,51334,24128
021202,0212,Áncash,Huaylas,65550,51334,960
021203,0212,Áncash,Huaylas,65550,51334,1344
021204,0212,Áncash,Huaylas,65550,51334,1614
021205,0212,Áncash,Huaylas,65550,51334,1849
021206,0212,Áncash,Huaylas,65550,51334,7804
021207,0212,Áncash,Huaylas,65550,51334,6371
021208,0212,Áncash,Huaylas,65550,51334,4229
021209,0212,Áncash,Huaylas,65550,51334,1055
021210,0212,Áncash,Huaylas,65550,51334,1980
021301,0213,Áncash,Mariscal Luzuriaga,65550,20284,3024
021302,0213,Áncash,Mariscal Luzuriaga,65550,20284,3668
021303,0213,Áncash,Mariscal Luzuriaga,65550,20284,1326
021304,0213,Áncash,Mariscal Luzuriaga,65550,20284,1908
021305,0213,Áncash,Mariscal Luzuriaga,65550,20284,1020
021306,0213,Áncash,Mariscal Luzuriaga,65550,20284,5629
021307,0213,Áncash,Mariscal Luzuriaga,65550,20284,2732
021308,0213,Áncash,Mariscal Luzuriaga,65550,20284,977
021401,0214,Áncash,Ocros,65550,7039,1203
021402,0214,Áncash,Ocros,65550,7039,656
021403,0214,Áncash,Ocros,65550,7039,300
021404,0214,Áncash,Ocros,65550,7039,472
021405,0214,Áncash,Ocros,65550,7039,1421
021406,0214,Áncash,Ocros,65550,7039,1219
021407,0214,Áncash,Ocros,65550,7039,279
021408,0214,Áncash,Ocros,65550,7039,438
021409,0214,Áncash,Ocros,65550,7039,622
021410,0214,Áncash,Ocros,65550,7039,429
021501,0215,Áncash,Pallasca,65550,23491,2445
021502,0215,Áncash,Pallasca,65550,23491,986
021503,0215,Áncash,Pallasca,65550,23491,7391
021504,0215,Áncash,Pallasca,65550,23491,523
021505,0215,Áncash,Pallasca,65550,23491,1001
021506,0215,Áncash,Pallasca,65550,23491,505
021507,0215,Áncash,Pallasca,65550,23491,597
021508,0215,Áncash,Pallasca,65550,23491,2364
021509,0215,Áncash,Pallasca,65550,23491,3980
021510,0215,Áncash,Pallasca,65550,23491,1026
021511,0215,Áncash,Pallasca,65550,23491,2673
021601,0216,Áncash,Pomabamba,65550,22594,13834
021602,0216,Áncash,Pomabamba,65550,22594,2954
021603,0216,Áncash,Pomabamba,65550,22594,5806
021604,0216,Áncash,Pomabamba,65550,2200,2200
021701,0217,Áncash,Recuay,65550,17185,4406
021702,0217,Áncash,Recuay,65550,17185,3907
021703,0217,Áncash,Recuay,65550,17185,409
021704,0217,Áncash,Recuay,65550,17185,620
021705,0217,Áncash,Recuay,65550,17185,912
021706,0217,Áncash,Recuay,65550,17185,1608
021707,0217,Áncash,Recuay,65550,17185,923
021708,0217,Áncash,Recuay,65550,17185,1517
021709,0217,Áncash,Recuay,65550,17185,421
021710,0217,Áncash,Recuay,65550,17185,2462
021801,0218,Áncash,Santa,65550,411933,206213
021802,0218,Áncash,Santa,65550,411933,4420
021803,0218,Áncash,Santa,65550,23874,15979
021804,0218,Áncash,Santa,65550,23874,3125
021805,0218,Áncash,Santa,65550,411933,8034
021806,0218,Áncash,Santa,65550,411933,14324
021807,0218,Áncash,Santa,65550,23874,4770
021808,0218,Áncash,Santa,65550,411933,19621
021809,0218,Áncash,Santa,65550,411933,159321
021901,0219,Áncash,Sihuas,65550,26971,5411
021902,0219,Áncash,Sihuas,65550,26971,1612
021903,0219,Áncash,Sihuas,65550,26971,533
021904,0219,Áncash,Sihuas,65550,26971,2739
021905,0219,Áncash,Sihuas,65550,26971,905
021906,0219,Áncash,Sihuas,65550,26971,3518
021907,0219,Áncash,Sihuas,65550,26971,2306
021908,0219,Áncash,Sihuas,65550,26971,2278
021909,0219,Áncash,Sihuas,65550,26971,6187
021910,0219,Áncash,Sihuas,65550,26971,1482
022001,0220,Áncash,Yungay,65550,50841,20070
022002,0220,Áncash,Yungay,65550,50841,1674
022003,0220,Áncash,Yungay,65550,50841,6336
022004,0220,Áncash,Yungay,65550,50841,1343
022005,0220,Áncash,Yungay,65550,50841,11629
022006,0220,Áncash,Yungay,65550,50841,2657
022007,0220,Áncash,Yungay,65550,50841,1840
022008,0220,Áncash,Yungay,65550,50841,5292
030101,0301,Apurímac,Abancay,18937,110520,69028
030102,0301,Apurímac,Abancay,18937,110520,1339
030103,0301,Apurímac,Abancay,18937,110520,1866
030104,0301,Apurímac,Abancay,18937,110520,16223
030105,0301,Apurímac,Abancay,18937,110520,2886
030106,0301,Apurímac,Abancay,18937,110520,3002
030107,0301,Apurímac,Abancay,18937,110520,2774
030108,0301,Apurímac,Abancay,18937,110520,2541
030109,0301,Apurímac,Abancay,18937,110520,10861
030201,0302,Apurímac,Andahuaylas,18937,138835,42268
030202,0302,Apurímac,Andahuaylas,18937,138835,5459
030203,0302,Apurímac,Andahuaylas,18937,138835,1186
030204,0302,Apurímac,Andahuaylas,18937,138835,5210
030205,0302,Apurímac,Andahuaylas,18937,138835,3753
030206,0302,Apurímac,Andahuaylas,18937,138835,750
030207,0302,Apurímac,Andahuaylas,18937,138835,6023
030208,0302,Apurímac,Andahuaylas,18937,138835,3452
030209,0302,Apurímac,Andahuaylas,18937,138835,7989
030210,0302,Apurímac,Andahuaylas,18937,138835,2199
030211,0302,Apurímac,Andahuaylas,18937,138835,863
030212,0302,Apurímac,Andahuaylas,18937,138835,2910
030213,0302,Apurímac,Andahuaylas,18937,138835,20738
030214,0302,Apurímac,Andahuaylas,18937,138835,1613
030215,0302,Apurímac,Andahuaylas,18937,138835,8152
030216,0302,Apurímac,Andahuaylas,18937,138835,18509
030217,0302,Apurímac,Andahuaylas,18937,138835,1864
030218,0302,Apurímac,Andahuaylas,18937,3642,3642
030219,0302,Apurímac,Andahuaylas,18937,138835,1816
030220,0302,Apurímac,Andahuaylas,18937,138835,4081
030301,0303,Apurímac,Antabamba,18937,11310,2776
030302,0303,Apurímac,Antabamba,18937,11310,552
030303,0303,Apurímac,Antabamba,18937,11310,1841
030304,0303,Apurímac,Antabamba,18937,11310,1711
030305,0303,Apurímac,Antabamba,18937,11310,2268
030306,0303,Apurímac,Antabamba,18937,11310,1054
030307,0303,Apurímac,Antabamba,18937,11310,1108
030401,0304,Apurímac,Aymaraes,18937,21737,4928
030402,0304,Apurímac,Aymaraes,18937,21737,580
030403,0304,Apurímac,Aymaraes,18937,21737,929
030404,0304,Apurímac,Aymaraes,18937,21737,1893
030405,0304,Apurímac,Aymaraes,18937,21737,693
030406,0304,Apurímac,Aymaraes,18937,2570,2570
030407,0304,Apurímac,Aymaraes,18937,21737,462
030408,0304,Apurímac,Aymaraes,18937,21737,735
030409,0304,Apurímac,Aymaraes,18937,21737,1529
030410,0304,Apurímac,Aymaraes,18937,21737,1022
030411,0304,Apurímac,Aymaraes,18937,21737,769
030412,0304,Apurímac,Aymaraes,18937,21737,1107
030413,0304,Apurímac,Aymaraes,18937,21737,711
030414,0304,Apurímac,Aymaraes,18937,21737,1848
030415,0304,Apurímac,Aymaraes,18937,21737,2272
030416,0304,Apurímac,Aymaraes,18937,21737,1278
030417,0304,Apurímac,Aymaraes,18937,21737,981
030501,0305,Apurímac,Cotabambas,18937,50656,10381
030502,0305,Apurímac,Cotabambas,18937,50656,3886
030503,0305,Apurímac,Cotabambas,18937,50656,6586
030504,0305,Apurímac,Cotabambas,18937,50656,9430
030505,0305,Apurímac,Cotabambas,18937,50656,5848
030506,0305,Apurímac,Cotabambas,18937,50656,14525
030601,0306,Apurímac,Chincheros,18937,11927,5293
030602,0306,Apurímac,Chincheros,18937,33320,10388
030603,0306,Apurímac,Chincheros,18937,33320,1728
030604,0306,Apurímac,Chincheros,18937,11927,6634
030605,0306,Apurímac,Chincheros,18937,33320,6759
030606,0306,Apurímac,Chincheros,18937,33320,2344
030607,0306,Apurímac,Chincheros,18937,33320,2650
030608,0306,Apurímac,Chincheros,18937,33320,4046
030609,0306,Apurímac,Chincheros,18937,33320,2689
030610,0306,Apurímac,Chincheros,18937,33320,1728
030611,0306,Apurímac,Chincheros,18937,33320,988
030701,0307,Apurímac,Grau,18937,20444,5023
030702,0307,Apurímac,Grau,18937,20444,1936
030703,0307,Apurímac,Grau,18937,20444,2782
030704,0307,Apurímac,Grau,18937,20444,1368
030705,0307,Apurímac,Grau,18937,20444,858
030706,0307,Apurímac,Grau,18937,20444,935
030707,0307,Apurímac,Grau,18937,798,798
030708,0307,Apurímac,Grau,18937,20444,2945
030709,0307,Apurímac,Grau,18937,20444,272
030710,0307,Apurímac,Grau,18937,20444,560
030711,0307,Apurímac,Grau,18937,20444,628
030712,0307,Apurímac,Grau,18937,20444,1233
030713,0307,Apurímac,Grau,18937,20444,675
030714,0307,Apurímac,Grau,18937,20444,1229
040101,0401,Arequipa,Arequipa,341534,335339,55437
040102,0401,Arequipa,Arequipa,341534,335339,85870
040103,0401,Arequipa,Arequipa,341534,745296,91935
040104,0401,Arequipa,Arequipa,341534,745296,197954
040105,0401,Arequipa,Arequipa,341534,745296,12949
040106,0401,Arequipa,Arequipa,341534,745296,2939
040107,0401,Arequipa,Arequipa,341534,745296,50164
040108,0401,Arequipa,Arequipa,341534,745296,32019
040109,0401,Arequipa,Arequipa,341534,335339,59918
040110,0401,Arequipa,Arequipa,341534,745296,60589
040111,0401,Arequipa,Arequipa,341534,745296,4756
040112,0401,Arequipa,Arequipa,341534,745296,131346
040113,0401,Arequipa,Arequipa,341534,745296,445
040114,0401,Arequipa,Arequipa,341534,745296,837
040115,0401,Arequipa,Arequipa,341534,745296,4784
040116,0401,Arequipa,Arequipa,341534,745296,4368
040117,0401,Arequipa,Arequipa,341534,745296,24225
040118,0401,Arequipa,Arequipa,341534,745296,611
040119,0401,Arequipa,Arequipa,341534,745296,1377
040120,0401,Arequipa,Arequipa,341534,745296,682
040121,0401,Arequipa,Arequipa,341534,745296,6318
040122,0401,Arequipa,Arequipa,341534,335339,75351
040123,0401,Arequipa,Arequipa,341534,745296,16191
040124,0401,Arequipa,Arequipa,341534,745296,14054
040125,0401,Arequipa,Arequipa,341534,745296,3610
040126,0401,Arequipa,Arequipa,341534,335339,25417
040127,0401,Arequipa,Arequipa,341534,745296,1314
040128,0401,Arequipa,Arequipa,341534,335339,33346
040129,0401,Arequipa,Arequipa,341534,745296,81829
040201,0402,Arequipa,Camaná,341534,53175,13367
040202,0402,Arequipa,Camaná,341534,53175,4641
040203,0402,Arequipa,Camaná,341534,53175,6997
040204,0402,Arequipa,Camaná,341534,6195,6195
040205,0402,Arequipa,Camaná,341534,53175,7106
040206,0402,Arequipa,Camaná,341534,53175,4171
040207,0402,Arequipa,Camaná,341534,53175,943
040208,0402,Arequipa,Camaná,341534,53175,15950
040301,0403,Arequipa,Caravelí,341534,41346,4259
040302,0403,Arequipa,Caravelí,341534,41346,4923
040303,0403,Arequipa,Caravelí,341534,41346,5215
040304,0403,Arequipa,Caravelí,341534,41346,473
040305,0403,Arequipa,Caravelí,341534,41346,3171
040306,0403,Arequipa,Caravelí,341534,41346,610
040307,0403,Arequipa,Caravelí,341534,41346,9240
040308,0403,Arequipa,Caravelí,341534,41346,3685
040309,0403,Arequipa,Caravelí,341534,41346,3047
040310,0403,Arequipa,Caravelí,341534,41346,1532
040311,0403,Arequipa,Caravelí,341534,41346,1477
040312,0403,Arequipa,Caravelí,341534,41346,1837
040313,0403,Arequipa,Caravelí,341534,41346,1877
040401,0404,Arequipa,Castilla,341534,33629,8435
040402,0404,Arequipa,Castilla,341534,33629,1038
040403,0404,Arequipa,Castilla,341534,33629,242
040404,0404,Arequipa,Castilla,341534,33629,1646
040405,0404,Arequipa,Castilla,341534,33629,947
040406,0404,Arequipa,Castilla,341534,33629,702
040407,0404,Arequipa,Castilla,341534,33629,1472
040408,0404,Arequipa,Castilla,341534,33629,488
040409,0404,Arequipa,Castilla,341534,33629,8177
040410,0404,Arequipa,Castilla,341534,33629,2032
040411,0404,Arequipa,Castilla,341534,33629,432
040412,0404,Arequipa,Castilla,341534,33629,207
040413,0404,Arequipa,Castilla,341534,33629,6266
040414,0404,Arequipa,Castilla,341534,33629,1545
040501,0405,Arequipa,Caylloma,341534,86771,5770
040502,0405,Arequipa,Caylloma,341534,86771,841
040503,0405,Arequipa,Caylloma,341534,86771,2096
040504,0405,Arequipa,Caylloma,341534,86771,1458
040505,0405,Arequipa,Caylloma,341534,86771,3697
040506,0405,Arequipa,Caylloma,341534,86771,1089
040507,0405,Arequipa,Caylloma,341534,86771,670
040508,0405,Arequipa,Caylloma,341534,86771,1010
040509,0405,Arequipa,Caylloma,341534,86771,555
040510,0405,Arequipa,Caylloma,341534,86771,904
040511,0405,Arequipa,Caylloma,341534,86771,718
040512,0405,Arequipa,Caylloma,341534,86771,701
040513,0405,Arequipa,Caylloma,341534,86771,648
040514,0405,Arequipa,Caylloma,341534,86771,886
040515,0405,Arequipa,Caylloma,341534,86771,669
040516,0405,Arequipa,Caylloma,341534,86771,772
040517,0405,Arequipa,Caylloma,341534,86771,1441
040518,0405,Arequipa,Caylloma,341534,86771,621
040519,0405,Arequipa,Caylloma,341534,86771,2117
040520,0405,Arequipa,Caylloma,341534,86771,60108
040601,0406,Arequipa,Condesuyos,341534,16118,3290
040602,0406,Arequipa,Condesuyos,341534,16118,677
040603,0406,Arequipa,Condesuyos,341534,16118,3212
040604,0406,Arequipa,Condesuyos,341534,16118,675
040605,0406,Arequipa,Condesuyos,341534,16118,595
040606,0406,Arequipa,Condesuyos,341534,16118,3263
040607,0406,Arequipa,Condesuyos,341534,16118,478
040608,0406,Arequipa,Condesuyos,341534,16118,3928
040701,0407,Arequipa,Islay,341534,52034,24073
040702,0407,Arequipa,Islay,341534,52034,8347
040703,0407,Arequipa,Islay,341534,52034,6854
040704,0407,Arequipa,Islay,341534,52034,5132
040705,0407,Arequipa,Islay,341534,52034,1172
040706,0407,Arequipa,Islay,341534,52034,6456
040801,0408,Arequipa,La Unión,341534,12827,2925
040802,0408,Arequipa,La Unión,341534,12827,1849
040803,0408,Arequipa,La Unión,341534,12827,577
040804,0408,Arequipa,La Unión,341534,12827,1913
040805,0408,Arequipa,La Unión,341534,12827,1122
040806,0408,Arequipa,La Unión,341534,12827,2342
040807,0408,Arequipa,La Unión,341534,12827,265
040808,0408,Arequipa,La Unión,341534,12827,319
040809,0408,Arequipa,La Unión,341534,12827,301
040810,0408,Arequipa,La Unión,341534,12827,658
040811,0408,Arequipa,La Unión,341534,12827,556
050101,0501,Ayacucho,Huamanga,170131,191847,99427
050102,0501,Ayacucho,Huamanga,170131,90347,7403
050103,0501,Ayacucho,Huamanga,170131,90347,4383
050104,0501,Ayacucho,Huamanga,170131,191847,28252
050105,0501,Ayacucho,Huamanga,170131,191847,5698
050106,0501,Ayacucho,Huamanga,170131,191847,5373
050107,0501,Ayacucho,Huamanga,170131,191847,3114
050108,0501,Ayacucho,Huamanga,170131,90347,5083
050109,0501,Ayacucho,Huamanga,170131,191847,1403
050110,0501,Ayacucho,Huamanga,170131,90347,49034
050111,0501,Ayacucho,Huamanga,170131,191847,1427
050112,0501,Ayacucho,Huamanga,170131,90347,5952
050113,0501,Ayacucho,Huamanga,170131,191847,5047
050114,0501,Ayacucho,Huamanga,170131,191847,13634
050115,0501,Ayacucho,Huamanga,170131,90347,18492
050116,0501,Ayacucho,Huamanga,170131,191847,28472
050201,0502,Ayacucho,Cangallo,170131,28376,5479
050202,0502,Ayacucho,Cangallo,170131,28376,8321
050203,0502,Ayacucho,Cangallo,170131,28376,7463
050204,0502,Ayacucho,Cangallo,170131,2067,2067
050205,0502,Ayacucho,Cangallo,170131,28376,4104
050206,0502,Ayacucho,Cangallo,170131,28376,3009
050301,0503,Ayacucho,Huanca Sancos,170131,8409,3202
050302,0503,Ayacucho,Huanca Sancos,170131,8409,1826
050303,0503,Ayacucho,Huanca Sancos,170131,8409,1313
050304,0503,Ayacucho,Huanca Sancos,170131,8409,2068
050401,0504,Ayacucho,Huanta,170131,78212,39517
050402,0504,Ayacucho,Huanta,170131,11254,1196
050403,0504,Ayacucho,Huanta,170131,78212,4162
050404,0504,Ayacucho,Huanta,170131,78212,2667
050405,0504,Ayacucho,Huanta,170131,78212,5490
050406,0504,Ayacucho,Huanta,170131,78212,3852
050407,0504,Ayacucho,Huanta,170131,78212,10797
050408,0504,Ayacucho,Huanta,170131,11254,10058
050409,0504,Ayacucho,Huanta,170131,78212,3520
050410,0504,Ayacucho,Huanta,170131,78212,3522
050411,0504,Ayacucho,Huanta,170131,78212,2523
050412,0504,Ayacucho,Huanta,170131,78212,2162
050501,0505,Ayacucho,La Mar,170131,54525,10326
050502,0505,Ayacucho,La Mar,170131,16128,7969
050503,0505,Ayacucho,La Mar,170131,54525,9298
050504,0505,Ayacucho,La Mar,170131,16128,1643
050505,0505,Ayacucho,La Mar,170131,16128,4218
050506,0505,Ayacucho,La Mar,170131,16128,1278
050507,0505,Ayacucho,La Mar,170131,54525,11279
050508,0505,Ayacucho,La Mar,170131,54525,10173
050509,0505,Ayacucho,La Mar,170131,54525,9410
050510,0505,Ayacucho,La Mar,170131,54525,4039
050511,0505,Ayacucho,La Mar,170131,16128,1020
050601,0506,Ayacucho,Lucanas,170131,46744,13919
050602,0506,Ayacucho,Lucanas,170131,4584,2903
050603,0506,Ayacucho,Lucanas,170131,46744,2189
050604,0506,Ayacucho,Lucanas,170131,4584,1681
050605,0506,Ayacucho,Lucanas,170131,46744,2163
050606,0506,Ayacucho,Lucanas,170131,46744,2554
050607,0506,Ayacucho,Lucanas,170131,46744,1560
050608,0506,Ayacucho,Lucanas,170131,46744,1577
050609,0506,Ayacucho,Lucanas,170131,46744,1094
050610,0506,Ayacucho,Lucanas,170131,46744,893
050611,0506,Ayacucho,Lucanas,170131,46744,2726
050612,0506,Ayacucho,Lucanas,170131,46744,2291
050613,0506,Ayacucho,Lucanas,170131,46744,1866
050614,0506,Ayacucho,Lucanas,170131,46744,791
050615,0506,Ayacucho,Lucanas,170131,46744,1718
050616,0506,Ayacucho,Lucanas,170131,46744,967
050617,0506,Ayacucho,Lucanas,170131,46744,2653
050618,0506,Ayacucho,Lucanas,170131,46744,927
050619,0506,Ayacucho,Lucanas,170131,46744,4778
050620,0506,Ayacucho,Lucanas,170131,46744,796
050621,0506,Ayacucho,Lucanas,170131,46744,1282
050701,0507,Ayacucho,Parinacochas,170131,24967,13124
050702,0507,Ayacucho,Parinacochas,170131,24967,2186
050703,0507,Ayacucho,Parinacochas,170131,24967,1722
050704,0507,Ayacucho,Parinacochas,170131,2692,630
050705,0507,Ayacucho,Parinacochas,170131,24967,6271
050706,0507,Ayacucho,Parinacochas,170131,2692,2062
050707,0507,Ayacucho,Parinacochas,170131,24967,516
050708,0507,Ayacucho,Parinacochas,170131,24967,1148
050801,0508,Ayacucho,Páucar del Sara Sara,170131,9609,3231
050802,0508,Ayacucho,Páucar del Sara Sara,170131,9609,468
050803,0508,Ayacucho,Páucar del Sara Sara,170131,9609,445
050804,0508,Ayacucho,Páucar del Sara Sara,170131,9609,1953
050805,0508,Ayacucho,Páucar del Sara Sara,170131,9609,613
050806,0508,Ayacucho,Páucar del Sara Sara,170131,9609,1453
050807,0508,Ayacucho,Páucar del Sara Sara,170131,9609,419
050808,0508,Ayacucho,Páucar del Sara Sara,170131,9609,292
050809,0508,Ayacucho,Páucar del Sara Sara,170131,9609,221
050810,0508,Ayacucho,Páucar del Sara Sara,170131,9609,514
050901,0509,Ayacucho,Sucre,170131,2570,2570
050902,0509,Ayacucho,Sucre,170131,6875,329
050903,0509,Ayacucho,Sucre,170131,6875,478
050904,0509,Ayacucho,Sucre,170131,6875,496
050905,0509,Ayacucho,Sucre,170131,6875,374
050906,0509,Ayacucho,Sucre,170131,6875,1240
050907,0509,Ayacucho,Sucre,170131,6875,553
050908,0509,Ayacucho,Sucre,170131,6875,808
050909,0509,Ayacucho,Sucre,170131,6875,978
050910,0509,Ayacucho,Sucre,170131,6875,594
050911,0509,Ayacucho,Sucre,170131,6875,1025
051001,0510,Ayacucho,Víctor Fajardo,170131,18017,1887
051002,0510,Ayacucho,Víctor Fajardo,170131,18017,1526
051003,0510,Ayacucho,Víctor Fajardo,170131,18017,630
051004,0510,Ayacucho,Víctor Fajardo,170131,18017,460
051005,0510,Ayacucho,Víctor Fajardo,170131,18017,3977
051006,0510,Ayacucho,Víctor Fajardo,170131,18017,1138
051007,0510,Ayacucho,Víctor Fajardo,170131,18017,1011
051008,0510,Ayacucho,Víctor Fajardo,170131,18017,1089
051009,0510,Ayacucho,Víctor Fajardo,170131,18017,1294
051010,0510,Ayacucho,Víctor Fajardo,170131,2092,2092
051011,0510,Ayacucho,Víctor Fajardo,170131,18017,2616
051012,0510,Ayacucho,Víctor Fajardo,170131,18017,2389
051101,0511,Ayacucho,Vilcas Huamán,170131,16861,6370
051102,0511,Ayacucho,Vilcas Huamán,170131,16861,886
051103,0511,Ayacucho,Vilcas Huamán,170131,16861,819
051104,0511,Ayacucho,Vilcas Huamán,170131,16861,1577
051105,0511,Ayacucho,Vilcas Huamán,170131,16861,1340
051106,0511,Ayacucho,Vilcas Huamán,170131,16861,1105
051107,0511,Ayacucho,Vilcas Huamán,170131,16861,1038
051108,0511,Ayacucho,Vilcas Huamán,170131,16861,3726
060101,0601,Cajamarca,Cajamarca,446648,218741,218741
060102,0601,Cajamarca,Cajamarca,446648,129692,7939
060103,0601,Cajamarca,Cajamarca,446648,129692,3660
060104,0601,Cajamarca,Cajamarca,446648,129692,6760
060105,0601,Cajamarca,Cajamarca,446648,129692,19175
060106,0601,Cajamarca,Cajamarca,446648,129692,15020
060107,0601,Cajamarca,Cajamarca,446648,129692,5639
060108,0601,Cajamarca,Cajamarca,446648,129692,46149
060109,0601,Cajamarca,Cajamarca,446648,129692,8271
060110,0601,Cajamarca,Cajamarca,446648,129692,3469
060111,0601,Cajamarca,Cajamarca,446648,129692,9267
060112,0601,Cajamarca,Cajamarca,446648,129692,4343
060201,0602,Cajamarca,Cajabamba,446648,52163,31222
060202,0602,Cajamarca,Cajabamba,446648,23524,23524
060203,0602,Cajamarca,Cajabamba,446648,52163,13406
060204,0602,Cajamarca,Cajabamba,446648,52163,7535
060301,0603,Cajamarca,Celendín,446648,79084,26925
060302,0603,Cajamarca,Celendín,446648,79084,2600
060303,0603,Cajamarca,Celendín,446648,79084,6746
060304,0603,Cajamarca,Celendín,446648,79084,10657
060305,0603,Cajamarca,Celendín,446648,79084,441
060306,0603,Cajamarca,Celendín,446648,79084,2558
060307,0603,Cajamarca,Celendín,446648,79084,3870
060308,0603,Cajamarca,Celendín,446648,79084,5394
060309,0603,Cajamarca,Celendín,446648,79084,7352
060310,0603,Cajamarca,Celendín,446648,79084,5055
060311,0603,Cajamarca,Celendín,446648,79084,1052
060312,0603,Cajamarca,Celendín,446648,79084,6434
060401,0604,Cajamarca,Chota,446648,111285,47279
060402,0604,Cajamarca,Chota,446648,111285,3211
060403,0604,Cajamarca,Chota,446648,111285,3449
060404,0604,Cajamarca,Chota,446648,111285,3641
060405,0604,Cajamarca,Chota,446648,111285,2199
060406,0604,Cajamarca,Chota,446648,111285,2336
060407,0604,Cajamarca,Chota,446648,111285,5546
060408,0604,Cajamarca,Chota,446648,111285,5643
060409,0604,Cajamarca,Chota,446648,31699,7972
060410,0604,Cajamarca,Chota,446648,111285,11093
060411,0604,Cajamarca,Chota,446648,111285,7075
060412,0604,Cajamarca,Chota,446648,111285,3203
060413,0604,Cajamarca,Chota,446648,111285,4445
060414,0604,Cajamarca,Chota,446648,111285,1214
060415,0604,Cajamarca,Chota,446648,31699,8023
060416,0604,Cajamarca,Chota,446648,111285,958
060417,0604,Cajamarca,Chota,446648,31699,15704
060418,0604,Cajamarca,Chota,446648,111285,859
060419,0604,Cajamarca,Chota,446648,111285,9134
060501,0605,Cajamarca,Contumazá,446648,7461,7461
060502,0605,Cajamarca,Contumazá,446648,20232,2635
060503,0605,Cajamarca,Contumazá,446648,20232,1338
060504,0605,Cajamarca,Contumazá,446648,20232,2679
060505,0605,Cajamarca,Contumazá,446648,20232,3399
060506,0605,Cajamarca,Contumazá,446648,20232,994
060507,0605,Cajamarca,Contumazá,446648,20232,2461
060508,0605,Cajamarca,Contumazá,446648,20232,6726
060601,0606,Cajamarca,Cutervo,446648,120723,50905
060602,0606,Cajamarca,Cutervo,446648,120723,9361
060603,0606,Cajamarca,Cutervo,446648,120723,2878
060604,0606,Cajamarca,Cutervo,446648,120723,2330
060605,0606,Cajamarca,Cutervo,446648,120723,3652
060606,0606,Cajamarca,Cutervo,446648,120723,5100
060607,0606,Cajamarca,Cutervo,446648,120723,12987
060608,0606,Cajamarca,Cutervo,446648,120723,4172
060609,0606,Cajamarca,Cutervo,446648,120723,1858
060610,0606,Cajamarca,Cutervo,446648,120723,3000
060611,0606,Cajamarca,Cutervo,446648,120723,2622
060612,0606,Cajamarca,Cutervo,446648,120723,4701
060613,0606,Cajamarca,Cutervo,446648,120723,6988
060614,0606,Cajamarca,Cutervo,446648,120723,9054
060615,0606,Cajamarca,Cutervo,446648,120723,1115
060701,0607,Cajamarca,Hualgayoc,446648,77944,59913
060702,0607,Cajamarca,Hualgayoc,446648,77944,2920
060703,0607,Cajamarca,Hualgayoc,446648,77944,15111
060801,0608,Cajamarca,Jaén,446648,104391,94153
060802,0608,Cajamarca,Jaén,446648,81041,15447
060803,0608,Cajamarca,Jaén,446648,81041,9810
060804,0608,Cajamarca,Jaén,446648,104391,10238
060805,0608,Cajamarca,Jaén,446648,81041,7642
060806,0608,Cajamarca,Jaén,446648,81041,4275
060807,0608,Cajamarca,Jaén,446648,81041,8344
060808,0608,Cajamarca,Jaén,446648,81041,6834
060809,0608,Cajamarca,Jaén,446648,81041,7033
060810,0608,Cajamarca,Jaén,446648,81041,4693
060811,0608,Cajamarca,Jaén,446648,81041,6960
060812,0608,Cajamarca,Jaén,446648,81041,10003
060901,0609,Cajamarca,San Ignacio,446648,34659,34659
060902,0609,Cajamarca,San Ignacio,446648,95961,14592
060903,0609,Cajamarca,San Ignacio,446648,95961,18012
060904,0609,Cajamarca,San Ignacio,446648,95961,19562
060905,0609,Cajamarca,San Ignacio,446648,95961,9098
060906,0609,Cajamarca,San Ignacio,446648,95961,17046
060907,0609,Cajamarca,San Ignacio,446648,95961,17651
061001,0610,Cajamarca,San Marcos,446648,40303,19870
061002,0610,Cajamarca,San Marcos,446648,40303,2965
061003,0610,Cajamarca,San Marcos,446648,7800,2664
061004,0610,Cajamarca,San Marcos,446648,7800,5136
061005,0610,Cajamarca,San Marcos,446648,40303,1901
061006,0610,Cajamarca,San Marcos,446648,40303,3544
061007,0610,Cajamarca,San Marcos,446648,40303,12023
061101,0611,Cajamarca,San Miguel,446648,13432,13432
061102,0611,Cajamarca,San Miguel,446648,32611,1319
061103,0611,Cajamarca,San Miguel,446648,32611,4094
061104,0611,Cajamarca,San Miguel,446648,32611,2747
061105,0611,Cajamarca,San Miguel,446648,32611,1627
061106,0611,Cajamarca,San Miguel,446648,32611,2165
061107,0611,Cajamarca,San Miguel,446648,32611,4481
061108,0611,Cajamarca,San Miguel,446648,32611,1290
061109,0611,Cajamarca,San Miguel,446648,32611,3293
061110,0611,Cajamarca,San Miguel,446648,32611,2229
061111,0611,Cajamarca,San Miguel,446648,32611,3652
061112,0611,Cajamarca,San Miguel,446648,32611,2688
061113,0611,Cajamarca,San Miguel,446648,32611,3026
061201,0612,Cajamarca,San Pablo,446648,21102,12463
061202,0612,Cajamarca,San Pablo,446648,21102,4294
061203,0612,Cajamarca,San Pablo,446648,21102,958
061204,0612,Cajamarca,San Pablo,446648,21102,3387
061301,0613,Cajamarca,Santa Cruz,446648,32223,9226
061302,0613,Cajamarca,Santa Cruz,446648,32223,1337
061303,0613,Cajamarca,Santa Cruz,446648,32223,8958
061304,0613,Cajamarca,Santa Cruz,446648,32223,3355
061305,0613,Cajamarca,Santa Cruz,446648,32223,2321
061306,0613,Cajamarca,Santa Cruz,446648,4941,2097
061307,0613,Cajamarca,Santa Cruz,446648,32223,3896
061308,0613,Cajamarca,Santa Cruz,446648,32223,1446
061309,0613,Cajamarca,Santa Cruz,446648,32223,425
061310,0613,Cajamarca,Santa Cruz,446648,32223,1259
061311,0613,Cajamarca,Santa Cruz,446648,4941,2844
070101,0701,Callao,Prov. Const. del Callao,526111,526111,451260
070102,0701,Callao,Prov. Const. del Callao,526111,526111,74851
070103,0701,Callao,Callao,526111,468383,42240
070104,0701,Callao,Callao,526111,468383,61417
070105,0701,Callao,Callao,526111,468383,3829
070106,0701,Callao,Callao,526111,468383,315600
070107,0701,Callao,Callao,526111,468383,45297
080101,0801,Cusco,Cusco,137290,331972,114630
080102,0801,Cusco,Cusco,137290,331972,2246
080103,0801,Cusco,Cusco,137290,331972,2436
080104,0801,Cusco,Cusco,137290,115616,57075
080105,0801,Cusco,Cusco,137290,331972,112536
080106,0801,Cusco,Cusco,137290,331972,94756
080107,0801,Cusco,Cusco,137290,331972,5368
080108,0801,Cusco,Cusco,137290,115616,58541
080201,0802,Cusco,Acomayo,137290,22940,4532
080202,0802,Cusco,Acomayo,137290,22940,2650
080203,0802,Cusco,Acomayo,137290,22940,2242
080204,0802,Cusco,Acomayo,137290,22940,1096
080205,0802,Cusco,Acomayo,137290,22940,7206
080206,0802,Cusco,Acomayo,137290,22940,1938
080207,0802,Cusco,Acomayo,137290,22940,3276
080301,0803,Cusco,Anta,137290,21674,21674
080302,0803,Cusco,Anta,137290,34532,6784
080303,0803,Cusco,Anta,137290,34532,2382
080304,0803,Cusco,Anta,137290,34532,4026
080305,0803,Cusco,Anta,137290,34532,4533
080306,0803,Cusco,Anta,137290,34532,7255
080307,0803,Cusco,Anta,137290,34532,3111
080308,0803,Cusco,Anta,137290,34532,2990
080309,0803,Cusco,Anta,137290,34532,3451
080401,0804,Cusco,Calca,137290,63155,20628
080402,0804,Cusco,Calca,137290,63155,3443
080403,0804,Cusco,Calca,137290,63155,5313
080404,0804,Cusco,Calca,137290,63155,5753
080405,0804,Cusco,Calca,137290,63155,9884
080406,0804,Cusco,Calca,137290,63155,5232
080407,0804,Cusco,Calca,137290,63155,4312
080408,0804,Cusco,Calca,137290,63155,8590
080501,0805,Cusco,Canas,137290,32484,8659
080502,0805,Cusco,Canas,137290,32484,4985
080503,0805,Cusco,Canas,137290,32484,4747
080504,0805,Cusco,Canas,137290,32484,1984
080505,0805,Cusco,Canas,137290,32484,5171
080506,0805,Cusco,Canas,137290,32484,1838
080507,0805,Cusco,Canas,137290,32484,2577
080508,0805,Cusco,Canas,137290,32484,2523
080601,0806,Cusco,Canchis,137290,95774,57827
080602,0806,Cusco,Canchis,137290,95774,4720
080603,0806,Cusco,Canchis,137290,95774,4587
080604,0806,Cusco,Canchis,137290,95774,9600
080605,0806,Cusco,Canchis,137290,95774,7170
080606,0806,Cusco,Canchis,137290,95774,4224
080607,0806,Cusco,Canchis,137290,95774,2617
080608,0806,Cusco,Canchis,137290,95774,5029
080701,0807,Cusco,Chumbivilcas,137290,66410,21728
080702,0807,Cusco,Chumbivilcas,137290,66410,3866
080703,0807,Cusco,Chumbivilcas,137290,66410,6244
080704,0807,Cusco,Chumbivilcas,137290,66410,6897
080705,0807,Cusco,Chumbivilcas,137290,66410,11690
080706,0807,Cusco,Chumbivilcas,137290,66410,4368
080707,0807,Cusco,Chumbivilcas,137290,66410,3786
080708,0807,Cusco,Chumbivilcas,137290,66410,7831
080801,0808,Cusco,Espinar,137290,57582,34861
080802,0808,Cusco,Espinar,137290,57582,870
080803,0808,Cusco,Espinar,137290,57582,9627
080804,0808,Cusco,Espinar,137290,57582,1019
080805,0808,Cusco,Espinar,137290,57582,4823
080806,0808,Cusco,Espinar,137290,57582,2805
080807,0808,Cusco,Espinar,137290,57582,1643
080808,0808,Cusco,Espinar,137290,57582,1934
080901,0809,Cusco,La Convención,137290,147148,27999
080902,0809,Cusco,La Convención,137290,147148,23214
080903,0809,Cusco,La Convención,137290,147148,4773
080904,0809,Cusco,La Convención,137290,147148,4134
080905,0809,Cusco,La Convención,137290,147148,4327
080906,0809,Cusco,La Convención,137290,147148,13311
080907,0809,Cusco,La Convención,137290,147148,15962
080908,0809,Cusco,La Convención,137290,147148,5972
080909,0809,Cusco,La Convención,137290,147148,9557
080910,0809,Cusco,La Convención,137290,147148,22691
080911,0809,Cusco,La Convención,137290,147148,4285
080912,0809,Cusco,La Convención,137290,147148,1980
080913,0809,Cusco,La Convención,137290,147148,1974
080914,0809,Cusco,La Convención,137290,147148,6969
081001,0810,Cusco,Paruro,137290,25567,3205
081002,0810,Cusco,Paruro,137290,25567,3028
081003,0810,Cusco,Paruro,137290,25567,3079
081004,0810,Cusco,Paruro,137290,25567,963
081005,0810,Cusco,Paruro,137290,25567,4867
081006,0810,Cusco,Paruro,137290,25567,5443
081007,0810,Cusco,Paruro,137290,25567,2032
081008,0810,Cusco,Paruro,137290,25567,1026
081009,0810,Cusco,Paruro,137290,25567,1924
081101,0811,Cusco,Paucartambo,137290,42504,11871
081102,0811,Cusco,Paucartambo,137290,42504,2716
081103,0811,Cusco,Paucartambo,137290,42504,8433
081104,0811,Cusco,Paucartambo,137290,42504,8170
081105,0811,Cusco,Paucartambo,137290,42504,6911
081106,0811,Cusco,Paucartambo,137290,42504,4403
081201,0812,Cusco,Quispicanchi,137290,87430,10614
081202,0812,Cusco,Quispicanchi,137290,87430,5797
081203,0812,Cusco,Quispicanchi,137290,87430,2219
081204,0812,Cusco,Quispicanchi,137290,87430,2863
081205,0812,Cusco,Quispicanchi,137290,87430,13295
081206,0812,Cusco,Quispicanchi,137290,87430,4221
081207,0812,Cusco,Quispicanchi,137290,87430,4505
081208,0812,Cusco,Quispicanchi,137290,87430,4606
081209,0812,Cusco,Quispicanchi,137290,87430,4307
081210,0812,Cusco,Quispicanchi,137290,87430,15223
081211,0812,Cusco,Quispicanchi,137290,87430,9444
081212,0812,Cusco,Quispicanchi,137290,87430,10336
081301,0813,Cusco,Urubamba,137290,60739,20082
081302,0813,Cusco,Urubamba,137290,60739,10477
081303,0813,Cusco,Urubamba,137290,60739,5499
081304,0813,Cusco,Urubamba,137290,60739,5347
081305,0813,Cusco,Urubamba,137290,60739,5946
081306,0813,Cusco,Urubamba,137290,60739,10165
081307,0813,Cusco,Urubamba,137290,60739,3223
090101,0901,Huancavelica,Huancavelica,40723,109017,39776
090102,0901,Huancavelica,Huancavelica,40723,109017,2020
090103,0901,Huancavelica,Huancavelica,40723,109017,17800
090104,0901,Huancavelica,Huancavelica,40723,109017,851
090105,0901,Huancavelica,Huancavelica,40723,109017,1137
090106,0901,Huancavelica,Huancavelica,40723,109017,1875
090107,0901,Huancavelica,Huancavelica,40723,109017,637
090108,0901,Huancavelica,Huancavelica,40723,109017,846
090109,0901,Huancavelica,Huancavelica,40723,109017,746
090110,0901,Huancavelica,Huancavelica,40723,109017,953
090111,0901,Huancavelica,Huancavelica,40723,109017,509
090112,0901,Huancavelica,Huancavelica,40723,109017,982
090113,0901,Huancavelica,Huancavelica,40723,109017,1686
090114,0901,Huancavelica,Huancavelica,40723,109017,2005
090115,0901,Huancavelica,Huancavelica,40723,109017,500
090116,0901,Huancavelica,Huancavelica,40723,109017,1891
090117,0901,Huancavelica,Huancavelica,40723,109017,19237
090118,0901,Huancavelica,Huancavelica,40723,109017,15566
090119,0901,Huancavelica,Huancavelica,40723,6037,6037
090201,0902,Huancavelica,Acobamba,40723,27793,8980
090202,0902,Huancavelica,Acobamba,40723,27793,3223
090203,0902,Huancavelica,Acobamba,40723,27793,4540
090204,0902,Huancavelica,Acobamba,40723,27793,1842
090205,0902,Huancavelica,Acobamba,40723,27793,1529
090206,0902,Huancavelica,Acobamba,40723,10415,10415
090207,0902,Huancavelica,Acobamba,40723,27793,2829
090208,0902,Huancavelica,Acobamba,40723,27793,4850
090301,0903,Huancavelica,Angaraes,40723,42573,22991
090302,0903,Huancavelica,Angaraes,40723,42573,7115
090303,0903,Huancavelica,Angaraes,40723,42573,625
090304,0903,Huancavelica,Angaraes,40723,42573,2956
090305,0903,Huancavelica,Angaraes,40723,42573,943
090306,0903,Huancavelica,Angaraes,40723,6634,3544
090307,0903,Huancavelica,Angaraes,40723,42573,1337
090308,0903,Huancavelica,Angaraes,40723,42573,1111
090309,0903,Huancavelica,Angaraes,40723,42573,1736
090310,0903,Huancavelica,Angaraes,40723,42573,2323
090311,0903,Huancavelica,Angaraes,40723,42573,1436
090312,0903,Huancavelica,Angaraes,40723,6634,3090
090401,0904,Huancavelica,Castrovirreyna,40723,12501,2929
090402,0904,Huancavelica,Castrovirreyna,40723,12501,977
090403,0904,Huancavelica,Castrovirreyna,40723,12501,1468
090404,0904,Huancavelica,Castrovirreyna,40723,12501,903
090405,0904,Huancavelica,Castrovirreyna,40723,12501,888
090406,0904,Huancavelica,Castrovirreyna,40723,12501,703
090407,0904,Huancavelica,Castrovirreyna,40723,12501,919
090408,0904,Huancavelica,Castrovirreyna,40723,12501,388
090409,0904,Huancavelica,Castrovirreyna,40723,12501,1142
090410,0904,Huancavelica,Castrovirreyna,40723,12501,673
090411,0904,Huancavelica,Castrovirreyna,40723,12501,863
090412,0904,Huancavelica,Castrovirreyna,40723,12501,648
090413,0904,Huancavelica,Castrovirreyna,40723,1481,1481
090501,0905,Huancavelica,Churcampa,40723,32538,5088
090502,0905,Huancavelica,Churcampa,40723,32538,5368
090503,0905,Huancavelica,Churcampa,40723,32538,1979
090504,0905,Huancavelica,Churcampa,40723,32538,2429
090505,0905,Huancavelica,Churcampa,40723,32538,1078
090506,0905,Huancavelica,Churcampa,40723,32538,3372
090507,0905,Huancavelica,Churcampa,40723,32538,4346
090508,0905,Huancavelica,Churcampa,40723,32538,745
090509,0905,Huancavelica,Churcampa,40723,32538,3445
090510,0905,Huancavelica,Churcampa,40723,32538,1856
090511,0905,Huancavelica,Churcampa,40723,32538,2832
090601,0906,Huancavelica,Huaytará,40723,17247,2146
090602,0906,Huancavelica,Huaytará,40723,17247,745
090603,0906,Huancavelica,Huaytará,40723,17247,1005
090604,0906,Huancavelica,Huaytará,40723,17247,448
090605,0906,Huancavelica,Huaytará,40723,17247,845
090606,0906,Huancavelica,Huaytará,40723,17247,812
090607,0906,Huancavelica,Huaytará,40723,17247,2758
090608,0906,Huancavelica,Huaytará,40723,17247,1032
090609,0906,Huancavelica,Huaytará,40723,17247,686
090610,0906,Huancavelica,Huaytará,40723,17247,1358
090611,0906,Huancavelica,Huaytará,40723,17247,920
090612,0906,Huancavelica,Huaytará,40723,17247,1054
090613,0906,Huancavelica,Huaytará,40723,17247,1671
090614,0906,Huancavelica,Huaytará,40723,17247,376
090615,0906,Huancavelica,Huaytará,40723,17247,724
090616,0906,Huancavelica,Huaytará,40723,17247,667
090701,0907,Huancavelica,Tayacaja,40723,65247,10061
090702,0907,Huancavelica,Tayacaja,40723,65247,3266
090703,0907,Huancavelica,Tayacaja,40723,16156,3522
090704,0907,Huancavelica,Tayacaja,40723,16156,3873
090705,0907,Huancavelica,Tayacaja,40723,65247,11068
090706,0907,Huancavelica,Tayacaja,40723,65247,9089
090707,0907,Huancavelica,Tayacaja,40723,65247,3218
090709,0907,Huancavelica,Tayacaja,40723,16156,3003
090710,0907,Huancavelica,Tayacaja,40723,65247,1480
090711,0907,Huancavelica,Tayacaja,40723,65247,5159
090713,0907,Huancavelica,Tayacaja,40723,65247,731
090714,0907,Huancavelica,Tayacaja,40723,65247,3828
090715,0907,Huancavelica,Tayacaja,40723,65247,2616
090716,0907,Huancavelica,Tayacaja,40723,16156,1813
090717,0907,Huancavelica,Tayacaja,40723,65247,4601
090718,0907,Huancavelica,Tayacaja,40723,65247,3010
090719,0907,Huancavelica,Tayacaja,40723,16156,3945
090720,0907,Huancavelica,Tayacaja,40723,65247,2373
090721,0907,Huancavelica,Tayacaja,40723,65247,1300
090722,0907,Huancavelica,Tayacaja,40723,65247,1914
090723,0907,Huancavelica,Tayacaja,40723,65247,1533
100101,1001,Huánuco,Huánuco,115005,198801,89502
100102,1001,Huánuco,Huánuco,115005,94596,81461
100103,1001,Huánuco,Huánuco,115005,94596,13135
100104,1001,Huánuco,Huánuco,115005,198801,15670
100105,1001,Huánuco,Huánuco,115005,198801,4364
100106,1001,Huánuco,Huánuco,115005,198801,3453
100107,1001,Huánuco,Huánuco,115005,198801,4788
100108,1001,Huánuco,Huánuco,115005,198801,2789
100109,1001,Huánuco,Huánuco,115005,198801,19226
100110,1001,Huánuco,Huánuco,115005,198801,1545
100111,1001,Huánuco,Huánuco,115005,198801,43818
100112,1001,Huánuco,Huánuco,115005,198801,5296
100113,1001,Huánuco,Huánuco,115005,198801,8350
100201,1002,Huánuco,Ambo,115005,47498,20886
100202,1002,Huánuco,Ambo,115005,47498,2502
100203,1002,Huánuco,Ambo,115005,47498,1731
100204,1002,Huánuco,Ambo,115005,47498,4441
100205,1002,Huánuco,Ambo,115005,47498,7449
100206,1002,Huánuco,Ambo,115005,47498,1561
100207,1002,Huánuco,Ambo,115005,47498,8928
100208,1002,Huánuco,Ambo,115005,3382,3382
100301,1003,Huánuco,Dos de Mayo,115005,31020,6634
100307,1003,Huánuco,Dos de Mayo,115005,31020,3364
100311,1003,Huánuco,Dos de Mayo,115005,31020,5571
100313,1003,Huánuco,Dos de Mayo,115005,31020,5393
100316,1003,Huánuco,Dos de Mayo,115005,31020,1228
100317,1003,Huánuco,Dos de Mayo,115005,31020,5320
100321,1003,Huánuco,Dos de Mayo,115005,31020,1696
100322,1003,Huánuco,Dos de Mayo,115005,31020,1814
100323,1003,Huánuco,Dos de Mayo,115005,2238,2238
100401,1004,Huánuco,Huacaybamba,115005,16551,5868
100402,1004,Huánuco,Huacaybamba,115005,16551,2718
100403,1004,Huánuco,Huacaybamba,115005,16551,1576
100404,1004,Huánuco,Huacaybamba,115005,16551,6389
100501,1005,Huánuco,Huamalíes,115005,48912,13403
100502,1005,Huánuco,Huamalíes,115005,48912,1356
100503,1005,Huánuco,Huamalíes,115005,48912,3793
100504,1005,Huánuco,Huamalíes,115005,48912,5603
100505,1005,Huánuco,Huamalíes,115005,48912,1412
100506,1005,Huánuco,Huamalíes,115005,3127,3127
100507,1005,Huánuco,Huamalíes,115005,48912,12368
100508,1005,Huánuco,Huamalíes,115005,48912,2009
100509,1005,Huánuco,Huamalíes,115005,48912,4062
100510,1005,Huánuco,Huamalíes,115005,48912,3129
100511,1005,Huánuco,Huamalíes,115005,48912,1777
100601,1006,Huánuco,Leoncio Prado,115005,127793,53066
100602,1006,Huánuco,Leoncio Prado,115005,127793,6142
100603,1006,Huánuco,Leoncio Prado,115005,127793,3475
100604,1006,Huánuco,Leoncio Prado,115005,127793,22149
100605,1006,Huánuco,Leoncio Prado,115005,127793,8951
100606,1006,Huánuco,Leoncio Prado,115005,127793,10048
100607,1006,Huánuco,Leoncio Prado,115005,127793,3724
100608,1006,Huánuco,Leoncio Prado,115005,127793,13568
100609,1006,Huánuco,Leoncio Prado,115005,127793,4143
100610,1006,Huánuco,Leoncio Prado,115005,127793,2527
100701,1007,Huánuco,Marañón,115005,26622,14150
100702,1007,Huánuco,Marañón,115005,26622,5372
100703,1007,Huánuco,Marañón,115005,26622,2111
100704,1007,Huánuco,Marañón,115005,26622,2790
100705,1007,Huánuco,Marañón,115005,26622,2199
100801,1008,Huánuco,Pachitea,115005,38607,17449
100802,1008,Huánuco,Pachitea,115005,38607,10103
100803,1008,Huánuco,Pachitea,115005,10552,10552
100804,1008,Huánuco,Pachitea,115005,38607,11055
100901,1009,Huánuco,Puerto Inca,115005,32538,9407
100902,1009,Huánuco,Puerto Inca,115005,32538,7101
100903,1009,Huánuco,Puerto Inca,115005,32538,4814
100904,1009,Huánuco,Puerto Inca,115005,32538,5447
100905,1009,Huánuco,Puerto Inca,115005,32538,5769
101001,1010,Huánuco,Lauricocha,115005,18913,4193
101002,1010,Huánuco,Lauricocha,115005,18913,1956
101003,1010,Huánuco,Lauricocha,115005,18913,1011
101004,1010,Huánuco,Lauricocha,115005,18913,1009
101005,1010,Huánuco,Lauricocha,115005,18913,3595
101006,1010,Huánuco,Lauricocha,115005,18913,1296
101007,1010,Huánuco,Lauricocha,115005,18913,5853
101101,1011,Huánuco,Yarowilca,115005,18787,4789
101102,1011,Huánuco,Yarowilca,115005,18787,1156
101103,1011,Huánuco,Yarowilca,115005,18787,1110
101104,1011,Huánuco,Yarowilca,115005,18787,4735
101105,1011,Huánuco,Yarowilca,115005,1110,1110
101106,1011,Huánuco,Yarowilca,115005,18787,3845
101107,1011,Huánuco,Yarowilca,115005,18787,1128
101108,1011,Huánuco,Yarowilca,115005,18787,2024
110101,1101,Ica,Ica,180470,291503,150280
110102,1101,Ica,Ica,180470,100016,39574
110103,1101,Ica,Ica,180470,291503,21963
110104,1101,Ica,Ica,180470,291503,4392
110105,1101,Ica,Ica,180470,291503,7411
110106,1101,Ica,Ica,180470,100016,54047
110107,1101,Ica,Ica,180470,100016,6395
110108,1101,Ica,Ica,180470,291503,25767
110109,1101,Ica,Ica,180470,291503,6987
110110,1101,Ica,Ica,180470,291503,13846
110111,1101,Ica,Ica,180470,291503,27645
110112,1101,Ica,Ica,180470,291503,27387
110113,1101,Ica,Ica,180470,291503,4709
110114,1101,Ica,Ica,180470,291503,1116
110201,1102,Ica,Chincha,180470,226113,66349
110202,1102,Ica,Chincha,180470,226113,7783
110203,1102,Ica,Chincha,180470,226113,2071
110204,1102,Ica,Chincha,180470,226113,13009
110205,1102,Ica,Chincha,180470,226113,12369
110206,1102,Ica,Chincha,180470,226113,25294
110207,1102,Ica,Chincha,180470,226113,62604
110208,1102,Ica,Chincha,180470,226113,1129
110209,1102,Ica,Chincha,180470,226113,992
110210,1102,Ica,Chincha,180470,226113,29079
110211,1102,Ica,Chincha,180470,226113,5434
110301,1103,Ica,Nasca,180470,69157,27632
110302,1103,Ica,Nasca,180470,69157,1950
110303,1103,Ica,Nasca,180470,69157,3134
110304,1103,Ica,Nasca,180470,69157,15981
110305,1103,Ica,Nasca,180470,69157,20460
110401,1104,Ica,Palpa,180470,13232,7748
110402,1104,Ica,Palpa,180470,13232,1555
110403,1104,Ica,Palpa,180470,13232,2658
110404,1104,Ica,Palpa,180470,13232,927
110405,1104,Ica,Palpa,180470,13232,344
110501,1105,Ica,Pisco,180470,80454,67467
110502,1105,Ica,Pisco,180470,70290,1379
110503,1105,Ica,Pisco,180470,70290,5408
110504,1105,Ica,Pisco,180470,80454,12987
110505,1105,Ica,Pisco,180470,70290,7147
110506,1105,Ica,Pisco,180470,70290,13767
110507,1105,Ica,Pisco,180470,70290,24814
110508,1105,Ica,Pisco,180470,70290,17775
120101,1201,Junín,Huancayo,265484,409899,119993
120104,1201,Junín,Huancayo,265484,409899,506
120105,1201,Junín,Huancayo,265484,409899,959
120106,1201,Junín,Huancayo,265484,409899,741
120107,1201,Junín,Huancayo,265484,135716,91851
120108,1201,Junín,Huancayo,265484,409899,1484
120111,1201,Junín,Huancayo,265484,409899,1946
120112,1201,Junín,Huancayo,265484,409899,1017
120113,1201,Junín,Huancayo,265484,409899,1335
120114,1201,Junín,Huancayo,265484,409899,166359
120116,1201,Junín,Huancayo,265484,135716,1366
120117,1201,Junín,Huancayo,265484,409899,5251
120119,1201,Junín,Huancayo,265484,409899,24830
120120,1201,Junín,Huancayo,265484,409899,829
120121,1201,Junín,Huancayo,265484,409899,9800
120122,1201,Junín,Huancayo,265484,409899,2376
120124,1201,Junín,Huancayo,265484,409899,5130
120125,1201,Junín,Huancayo,265484,135716,20055
120126,1201,Junín,Huancayo,265484,409899,4748
120127,1201,Junín,Huancayo,265484,409899,1852
120128,1201,Junín,Huancayo,265484,409899,3904
120129,1201,Junín,Huancayo,265484,409899,15281
120130,1201,Junín,Huancayo,265484,409899,11601
120132,1201,Junín,Huancayo,265484,135716,5512
120133,1201,Junín,Huancayo,265484,409899,21096
120134,1201,Junín,Huancayo,265484,135716,16932
120135,1201,Junín,Huancayo,265484,409899,6222
120136,1201,Junín,Huancayo,265484,409899,2639
120201,1202,Junín,Concepción,265484,48832,15428
120202,1202,Junín,Concepción,265484,48832,1642
120203,1202,Junín,Concepción,265484,48832,3502
120204,1202,Junín,Concepción,265484,48832,2550
120205,1202,Junín,Concepción,265484,48832,1923
120206,1202,Junín,Concepción,265484,6759,5377
120207,1202,Junín,Concepción,265484,48832,972
120208,1202,Junín,Concepción,265484,48832,1478
120209,1202,Junín,Concepción,265484,48832,1394
120210,1202,Junín,Concepción,265484,48832,5537
120211,1202,Junín,Concepción,265484,6759,1382
120212,1202,Junín,Concepción,265484,48832,2287
120213,1202,Junín,Concepción,265484,48832,4738
120214,1202,Junín,Concepción,265484,48832,5398
120215,1202,Junín,Concepción,265484,48832,1983
120301,1203,Junín,Chanchamayo,265484,66844,27790
120302,1203,Junín,Chanchamayo,265484,84645,52874
120303,1203,Junín,Chanchamayo,265484,66844,39054
120304,1203,Junín,Chanchamayo,265484,84645,4157
120305,1203,Junín,Chanchamayo,265484,84645,25800
120306,1203,Junín,Chanchamayo,265484,84645,1814
120401,1204,Junín,Jauja,265484,20446,17908
120402,1204,Junín,Jauja,265484,62811,6077
120403,1204,Junín,Jauja,265484,62811,4284
120404,1204,Junín,Jauja,265484,62811,1264
120405,1204,Junín,Jauja,265484,62811,1601
120406,1204,Junín,Jauja,265484,62811,1410
120407,1204,Junín,Jauja,265484,62811,2598
120408,1204,Junín,Jauja,265484,62811,1646
120409,1204,Junín,Jauja,265484,62811,1000
120410,1204,Junín,Jauja,265484,62811,2041
120411,1204,Junín,Jauja,265484,62811,558
120412,1204,Junín,Jauja,265484,62811,745
120413,1204,Junín,Jauja,265484,62811,1553
120414,1204,Junín,Jauja,265484,62811,1143
120415,1204,Junín,Jauja,265484,62811,1451
120416,1204,Junín,Jauja,265484,62811,1732
120417,1204,Junín,Jauja,265484,62811,732
120418,1204,Junín,Jauja,265484,62811,1573
120419,1204,Junín,Jauja,265484,62811,1662
120420,1204,Junín,Jauja,265484,62811,1017
120421,1204,Junín,Jauja,265484,62811,2335
120422,1204,Junín,Jauja,265484,62811,892
120423,1204,Junín,Jauja,265484,62811,1450
120424,1204,Junín,Jauja,265484,62811,1226
120425,1204,Junín,Jauja,265484,62811,1153
120426,1204,Junín,Jauja,265484,62811,1427
120427,1204,Junín,Jauja,265484,62811,1296
120428,1204,Junín,Jauja,265484,20446,2538
120429,1204,Junín,Jauja,265484,62811,702
120430,1204,Junín,Jauja,265484,62811,3060
120431,1204,Junín,Jauja,265484,62811,4056
120432,1204,Junín,Jauja,265484,62811,1038
120433,1204,Junín,Jauja,265484,62811,1097
120434,1204,Junín,Jauja,265484,62811,8992
120501,1205,Junín,Junín,265484,23133,10976
120502,1205,Junín,Junín,265484,23133,6638
120503,1205,Junín,Junín,265484,23133,1236
120504,1205,Junín,Junín,265484,23133,4283
120601,1206,Junín,Satipo,265484,168266,37075
120602,1206,Junín,Satipo,265484,168266,5778
120603,1206,Junín,Satipo,265484,168266,6544
120604,1206,Junín,Satipo,265484,35719,35719
120605,1206,Junín,Satipo,265484,168266,3690
120606,1206,Junín,Satipo,265484,168266,54240
120607,1206,Junín,Satipo,265484,168266,30651
120608,1206,Junín,Satipo,265484,168266,26036
120609,1206,Junín,Satipo,265484,168266,4252
120701,1207,Junín,Tarma,265484,89590,47775
120702,1207,Junín,Tarma,265484,89590,9500
120703,1207,Junín,Tarma,265484,89590,1899
120704,1207,Junín,Tarma,265484,89590,9901
120705,1207,Junín,Tarma,265484,89590,3514
120706,1207,Junín,Tarma,265484,89590,5543
120707,1207,Junín,Tarma,265484,89590,3438
120708,1207,Junín,Tarma,265484,89590,3547
120709,1207,Junín,Tarma,265484,89590,4473
120801,1208,Junín,Yauli,265484,40390,14021
120802,1208,Junín,Yauli,265484,40390,687
120803,1208,Junín,Yauli,265484,40390,1947
120804,1208,Junín,Yauli,265484,40390,835
120805,1208,Junín,Yauli,265484,40390,5155
120806,1208,Junín,Yauli,265484,40390,1633
120807,1208,Junín,Yauli,265484,40390,1104
120808,1208,Junín,Yauli,265484,40390,8977
120809,1208,Junín,Yauli,265484,40390,690
120810,1208,Junín,Yauli,265484,40390,5341
120901,1209,Junín,Chupaca,265484,52988,20341
120902,1209,Junín,Chupaca,265484,52988,6267
120903,1209,Junín,Chupaca,265484,52988,4537
120904,1209,Junín,Chupaca,265484,52988,2948
120905,1209,Junín,Chupaca,265484,52988,8766
120906,1209,Junín,Chupaca,265484,52988,2228
120907,1209,Junín,Chupaca,265484,52988,2658
120908,1209,Junín,Chupaca,265484,52988,2665
120909,1209,Junín,Chupaca,265484,52988,2578
130101,1301,La Libertad,Trujillo,1054685,856698,314939
130102,1301,La Libertad,Trujillo,1054685,856698,190461
130103,1301,La Libertad,Trujillo,1054685,113318,37262
130104,1301,La Libertad,Trujillo,1054685,113318,68409
130105,1301,La Libertad,Trujillo,1054685,856698,189206
130106,1301,La Libertad,Trujillo,1054685,856698,37206
130107,1301,La Libertad,Trujillo,1054685,856698,37436
130108,1301,La Libertad,Trujillo,1054685,113318,3586
130109,1301,La Libertad,Trujillo,1054685,856698,18944
130110,1301,La Libertad,Trujillo,1054685,113318,4061
130111,1301,La Libertad,Trujillo,1054685,856698,68506
130201,1302,La Libertad,Ascope,1054685,87294,6462
130202,1302,La Libertad,Ascope,1054685,87294,15267
130203,1302,La Libertad,Ascope,1054685,87294,9321
130204,1302,La Libertad,Ascope,1054685,87294,2463
130205,1302,La Libertad,Ascope,1054685,87294,25913
130206,1302,La Libertad,Ascope,1054685,87294,8664
130207,1302,La Libertad,Ascope,1054685,87294,19204
130208,1302,La Libertad,Ascope,1054685,28492,28492
130301,1303,La Libertad,Bolívar,1054685,14457,4455
130302,1303,La Libertad,Bolívar,1054685,14457,2908
130303,1303,La Libertad,Bolívar,1054685,14457,1914
130304,1303,La Libertad,Bolívar,1054685,14457,2098
130305,1303,La Libertad,Bolívar,1054685,14457,2246
130306,1303,La Libertad,Bolívar,1054685,14457,836
130401,1304,La Libertad,Chepén,1054685,66789,45733
130402,1304,La Libertad,Chepén,1054685,66789,21056
130403,1304,La Libertad,Chepén,1054685,11629,11629
130501,1305,La Libertad,Julcán,1054685,28024,11505
130502,1305,La Libertad,Julcán,1054685,28024,4866
130503,1305,La Libertad,Julcán,1054685,28024,6221
130504,1305,La Libertad,Julcán,1054685,28024,5432
130601,1306,La Libertad,Otuzco,1054685,77339,24169
130602,1306,La Libertad,Otuzco,1054685,77339,9252
130604,1306,La Libertad,Otuzco,1054685,77339,2420
130605,1306,La Libertad,Otuzco,1054685,77339,3940
130606,1306,La Libertad,Otuzco,1054685,77339,614
130608,1306,La Libertad,Otuzco,1054685,77339,2693
130610,1306,La Libertad,Otuzco,1054685,523,523
130611,1306,La Libertad,Otuzco,1054685,77339,5831
130613,1306,La Libertad,Otuzco,1054685,77339,7032
130614,1306,La Libertad,Otuzco,1054685,77339,21388
130701,1307,La Libertad,Pacasmayo,1054685,102897,17637
130702,1307,La Libertad,Pacasmayo,1054685,102897,40217
130703,1307,La Libertad,Pacasmayo,1054685,102897,4136
130704,1307,La Libertad,Pacasmayo,1054685,102897,28959
130705,1307,La Libertad,Pacasmayo,1054685,102897,11948
130801,1308,La Libertad,Pataz,1054685,76103,12490
130802,1308,La Libertad,Pataz,1054685,76103,3812
130803,1308,La Libertad,Pataz,1054685,76103,11678
130804,1308,La Libertad,Pataz,1054685,76103,5877
130805,1308,La Libertad,Pataz,1054685,76103,1158
130806,1308,La Libertad,Pataz,1054685,76103,3478
130807,1308,La Libertad,Pataz,1054685,76103,1250
130808,1308,La Libertad,Pataz,1054685,76103,18730
130809,1308,La Libertad,Pataz,1054685,76103,8937
130810,1308,La Libertad,Pataz,1054685,76103,1656
130811,1308,La Libertad,Pataz,1054685,76103,2210
130812,1308,La Libertad,Pataz,1054685,76103,2779
130813,1308,La Libertad,Pataz,1054685,76103,2048
130901,1309,La Libertad,Sánchez Carrión,1054685,114714,66902
130902,1309,La Libertad,Sánchez Carrión,1054685,29691,16769
130903,1309,La Libertad,Sánchez Carrión,1054685,114714,8398
130904,1309,La Libertad,Sánchez Carrión,1054685,114714,7822
130905,1309,La Libertad,Sánchez Carrión,1054685,114714,10431
130906,1309,La Libertad,Sánchez Carrión,1054685,29691,12922
130907,1309,La Libertad,Sánchez Carrión,1054685,114714,8916
130908,1309,La Libertad,Sánchez Carrión,1054685,114714,12245
131001,1310,La Libertad,Santiago de Chuco,1054685,21551,18311
131002,1310,La Libertad,Santiago de Chuco,1054685,29345,4810
131003,1310,La Libertad,Santiago de Chuco,1054685,29345,5319
131004,1310,La Libertad,Santiago de Chuco,1054685,29345,1734
131005,1310,La Libertad,Santiago de Chuco,1054685,29345,2339
131006,1310,La Libertad,Santiago de Chuco,1054685,29345,12291
131007,1310,La Libertad,Santiago de Chuco,1054685,29345,2852
131008,1310,La Libertad,Santiago de Chuco,1054685,21551,3240
131101,1311,La Libertad,Gran Chimú,1054685,18099,13374
131102,1311,La Libertad,Gran Chimú,1054685,18099,4725
131103,1311,La Libertad,Gran Chimú,1054685,8793,2407
131104,1311,La Libertad,Gran Chimú,1054685,8793,6386
131201,1312,La Libertad,Virú,1054685,59482,52407
131202,1312,La Libertad,Virú,1054685,32842,32842
131203,1312,La Libertad,Virú,1054685,59482,7075
140101,1401,Lambayeque,Chiclayo,569432,457759,270496
140102,1401,Lambayeque,Chiclayo,569432,341916,18364
140103,1401,Lambayeque,Chiclayo,569432,341916,11993
140104,1401,Lambayeque,Chiclayo,569432,341916,2342
140105,1401,Lambayeque,Chiclayo,569432,341916,156498
140106,1401,Lambayeque,Chiclayo,569432,457759,90912
140107,1401,Lambayeque,Chiclayo,569432,341916,9986
140108,1401,Lambayeque,Chiclayo,569432,341916,32225
140109,1401,Lambayeque,Chiclayo,569432,341916,2458
140110,1401,Lambayeque,Chiclayo,569432,341916,8201
140111,1401,Lambayeque,Chiclayo,569432,341916,12704
140112,1401,Lambayeque,Chiclayo,569432,457759,44602
140113,1401,Lambayeque,Chiclayo,569432,341916,15744
140114,1401,Lambayeque,Chiclayo,569432,457759,12350
140115,1401,Lambayeque,Chiclayo,569432,457759,11617
140116,1401,Lambayeque,Chiclayo,569432,341916,14809
140117,1401,Lambayeque,Chiclayo,569432,341916,22624
140118,1401,Lambayeque,Chiclayo,569432,341916,25267
140119,1401,Lambayeque,Chiclayo,569432,341916,8701
140120,1401,Lambayeque,Chiclayo,569432,457759,27782
140201,1402,Lambayeque,Ferreñafe,569432,97415,34229
140202,1402,Lambayeque,Ferreñafe,569432,97415,11366
140203,1402,Lambayeque,Ferreñafe,569432,97415,13858
140204,1402,Lambayeque,Ferreñafe,569432,97415,3808
140205,1402,Lambayeque,Ferreñafe,569432,97415,19651
140206,1402,Lambayeque,Ferreñafe,569432,97415,14503
140301,1403,Lambayeque,Lambayeque,569432,111673,71425
140302,1403,Lambayeque,Lambayeque,569432,188497,1407
140303,1403,Lambayeque,Lambayeque,569432,188497,8856
140304,1403,Lambayeque,Lambayeque,569432,188497,17204
140305,1403,Lambayeque,Lambayeque,569432,111673,18401
140306,1403,Lambayeque,Lambayeque,569432,188497,48209
140307,1403,Lambayeque,Lambayeque,569432,188497,29836
140308,1403,Lambayeque,Lambayeque,569432,188497,46484
140309,1403,Lambayeque,Lambayeque,569432,188497,8060
140310,1403,Lambayeque,Lambayeque,569432,188497,12595
140311,1403,Lambayeque,Lambayeque,569432,188497,15846
140312,1403,Lambayeque,Lambayeque,569432,111673,21847
150101,1501,Lima Metropolitana,Lima,4582893,3992081,268352
150102,1501,Lima Metropolitana,Lima,4582893,4582893,62928
150103,1501,Lima Metropolitana,Lima,4582893,4582893,599196
150104,1501,Lima Metropolitana,Lima,4582893,3992081,34378
150105,1501,Lima Metropolitana,Lima,4582893,3992081,85309
150106,1501,Lima Metropolitana,Lima,4582893,4582893,333045
150107,1501,Lima Metropolitana,Lima,4582893,3992081,42912
150108,1501,Lima Metropolitana,Lima,4582893,4582893,314241
150109,1501,Lima Metropolitana,Lima,4582893,4582893,34684
150110,1501,Lima Metropolitana,Lima,4582893,3992081,520450
150111,1501,Lima Metropolitana,Lima,4582893,3992081,198862
150112,1501,Lima Metropolitana,Lima,4582893,4582893,211360
150113,1501,Lima Metropolitana,Lima,4582893,4582893,75359
150114,1501,Lima Metropolitana,Lima,4582893,4582893,140679
150115,1501,Lima Metropolitana,Lima,4582893,3992081,173630
150116,1501,Lima Metropolitana,Lima,4582893,3992081,54711
150117,1501,Lima Metropolitana,Lima,4582893,4582893,325884
150118,1501,Lima Metropolitana,Lima,4582893,3992081,240814
150119,1501,Lima Metropolitana,Lima,4582893,4582893,89195
150120,1501,Lima Metropolitana,Lima,4582893,4582893,60290
150121,1501,Lima Metropolitana,Lima,4582893,3992081,83323
150122,1501,Lima Metropolitana,Lima,4582893,4582893,99337
150123,1501,Lima Metropolitana,Lima,4582893,4582893,110071
150124,1501,Lima Metropolitana,Lima,4582893,3992081,14891
150125,1501,Lima Metropolitana,Lima,4582893,4582893,329675
150126,1501,Lima Metropolitana,Lima,4582893,4582893,15874
150127,1501,Lima Metropolitana,Lima,4582893,3992081,7074
150128,1501,Lima Metropolitana,Lima,4582893,3992081,174785
150129,1501,Lima Metropolitana,Lima,4582893,3992081,7482
150130,1501,Lima Metropolitana,Lima,4582893,3992081,113247
150131,1501,Lima Metropolitana,Lima,4582893,3992081,60735
150132,1501,Lima Metropolitana,Lima,4582893,3992081,1038495
150133,1501,Lima Metropolitana,Lima,4582893,4582893,355219
150134,1501,Lima Metropolitana,Lima,4582893,3992081,52082
150135,1501,Lima Metropolitana,Lima,4582893,4582893,654083
150136,1501,Lima Metropolitana,Lima,4582893,4582893,155384
150137,1501,Lima Metropolitana,Lima,4582893,4582893,196214
150138,1501,Lima Metropolitana,Lima,4582893,3992081,999
150139,1501,Lima Metropolitana,Lima,4582893,3992081,27863
150140,1501,Lima Metropolitana,Lima,4582893,4582893,329152
150141,1501,Lima Metropolitana,Lima,4582893,4582893,91023
150142,1501,Lima Metropolitana,Lima,4582893,3992081,393254
150143,1501,Lima Metropolitana,Lima,4582893,3992081,398433
150201,1502,Lima Provincias,Barranca,308722,68324,68324
150202,1502,Lima Provincias,Barranca,308722,76057,21453
150203,1502,Lima Provincias,Barranca,308722,76057,17431
150204,1502,Lima Provincias,Barranca,308722,76057,24318
150205,1502,Lima Provincias,Barranca,308722,76057,12855
150301,1503,Lima Provincias,Cajatambo,308722,6559,2082
150302,1503,Lima Provincias,Cajatambo,308722,6559,858
150303,1503,Lima Provincias,Cajatambo,308722,6559,1672
150304,1503,Lima Provincias,Cajatambo,308722,6559,984
150305,1503,Lima Provincias,Cajatambo,308722,6559,963
150401,1504,Lima Provincias,Canta,308722,4982,2385
150402,1504,Lima Provincias,Canta,308722,4982,596
150403,1504,Lima Provincias,Canta,308722,4982,686
150404,1504,Lima Provincias,Canta,308722,4982,760
150405,1504,Lima Provincias,Canta,308722,6566,856
150406,1504,Lima Provincias,Canta,308722,4982,555
150407,1504,Lima Provincias,Canta,308722,6566,5710
150501,1505,Lima Provincias,Cañete,308722,113725,54775
150502,1505,Lima Provincias,Cañete,308722,126288,9784
150503,1505,Lima Provincias,Cañete,308722,126288,2269
150504,1505,Lima Provincias,Cañete,308722,126288,8328
150505,1505,Lima Provincias,Cañete,308722,126288,21573
150506,1505,Lima Provincias,Cañete,308722,126288,1043
150507,1505,Lima Provincias,Cañete,308722,126288,38925
150508,1505,Lima Provincias,Cañete,308722,126288,4393
150509,1505,Lima Provincias,Cañete,308722,113725,32717
150510,1505,Lima Provincias,Cañete,308722,113725,26233
150511,1505,Lima Provincias,Cañete,308722,126288,1686
150512,1505,Lima Provincias,Cañete,308722,126288,16091
150513,1505,Lima Provincias,Cañete,308722,126288,4343
150514,1505,Lima Provincias,Cañete,308722,126288,13436
150515,1505,Lima Provincias,Cañete,308722,126288,3103
150516,1505,Lima Provincias,Cañete,308722,126288,1314
150601,1506,Lima Provincias,Huaral,308722,126978,99915
150602,1506,Lima Provincias,Huaral,308722,126978,687
150603,1506,Lima Provincias,Huaral,308722,126978,902
150604,1506,Lima Provincias,Huaral,308722,126978,19464
150605,1506,Lima Provincias,Huaral,308722,56920,56920
150606,1506,Lima Provincias,Huaral,308722,126978,2037
150607,1506,Lima Provincias,Huaral,308722,126978,336
150608,1506,Lima Provincias,Huaral,308722,126978,1028
150609,1506,Lima Provincias,Huaral,308722,126978,648
150610,1506,Lima Provincias,Huaral,308722,126978,830
150611,1506,Lima Provincias,Huaral,308722,126978,720
150612,1506,Lima Provincias,Huaral,308722,126978,411
150701,1507,Lima Provincias,Huarochirí,308722,56435,4058
150702,1507,Lima Provincias,Huarochirí,308722,56435,1225
150703,1507,Lima Provincias,Huarochirí,308722,1710,798
150704,1507,Lima Provincias,Huarochirí,308722,56435,331
150705,1507,Lima Provincias,Huarochirí,308722,56435,3826
150706,1507,Lima Provincias,Huarochirí,308722,56435,449
150707,1507,Lima Provincias,Huarochirí,308722,56435,609
150708,1507,Lima Provincias,Huarochirí,308722,56435,875
150709,1507,Lima Provincias,Huarochirí,308722,56435,1302
150710,1507,Lima Provincias,Huarochirí,308722,56435,616
150711,1507,Lima Provincias,Huarochirí,308722,56435,889
150712,1507,Lima Provincias,Huarochirí,308722,56435,666
150713,1507,Lima Provincias,Huarochirí,308722,56435,1357
150714,1507,Lima Provincias,Huarochirí,308722,56435,6542
150715,1507,Lima Provincias,Huarochirí,308722,56435,1320
150716,1507,Lima Provincias,Huarochirí,308722,1710,912
150717,1507,Lima Provincias,Huarochirí,308722,56435,1139
150718,1507,Lima Provincias,Huarochirí,308722,56435,1202
150719,1507,Lima Provincias,Huarochirí,308722,56435,699
150720,1507,Lima Provincias,Huarochirí,308722,56435,374
150721,1507,Lima Provincias,Huarochirí,308722,56435,1223
150722,1507,Lima Provincias,Huarochirí,308722,56435,4245
150723,1507,Lima Provincias,Huarochirí,308722,56435,1335
150724,1507,Lima Provincias,Huarochirí,308722,56435,928
150725,1507,Lima Provincias,Huarochirí,308722,56435,210
150726,1507,Lima Provincias,Huarochirí,308722,56435,630
150727,1507,Lima Provincias,Huarochirí,308722,56435,2486
150728,1507,Lima Provincias,Huarochirí,308722,56435,12636
150729,1507,Lima Provincias,Huarochirí,308722,56435,320
150730,1507,Lima Provincias,Huarochirí,308722,56435,411
150731,1507,Lima Provincias,Huarochirí,308722,56435,3125
150732,1507,Lima Provincias,Huarochirí,308722,56435,1407
150801,1508,Lima Provincias,Huaura,308722,167009,63142
150802,1508,Lima Provincias,Huaura,308722,167009,2208
150803,1508,Lima Provincias,Huaura,308722,167009,8132
150804,1508,Lima Provincias,Huaura,308722,167009,929
150805,1508,Lima Provincias,Huaura,308722,167009,28765
150806,1508,Lima Provincias,Huaura,308722,60676,34764
150807,1508,Lima Provincias,Huaura,308722,167009,1867
150808,1508,Lima Provincias,Huaura,308722,167009,1516
150809,1508,Lima Provincias,Huaura,308722,167009,775
150810,1508,Lima Provincias,Huaura,308722,167009,36267
150811,1508,Lima Provincias,Huaura,308722,167009,23408
150812,1508,Lima Provincias,Huaura,308722,60676,25912
150901,1509,Lima Provincias,Oyón,308722,17739,12150
150902,1509,Lima Provincias,Oyón,308722,17739,546
150903,1509,Lima Provincias,Oyón,308722,17739,576
150904,1509,Lima Provincias,Oyón,308722,17739,1086
150905,1509,Lima Provincias,Oyón,308722,17739,855
150906,1509,Lima Provincias,Oyón,308722,17739,2526
151001,1510,Lima Provincias,Yauyos,308722,19662,1481
151002,1510,Lima Provincias,Yauyos,308722,19662,1534
151003,1510,Lima Provincias,Yauyos,308722,19662,1145
151004,1510,Lima Provincias,Yauyos,308722,19662,565
151005,1510,Lima Provincias,Yauyos,308722,19662,440
151006,1510,Lima Provincias,Yauyos,308722,19662,507
151007,1510,Lima Provincias,Yauyos,308722,19662,162
151008,1510,Lima Provincias,Yauyos,308722,19662,1062
151009,1510,Lima Provincias,Yauyos,308722,801,801
151010,1510,Lima Provincias,Yauyos,308722,19662,216
151011,1510,Lima Provincias,Yauyos,308722,19662,1109
151012,1510,Lima Provincias,Yauyos,308722,19662,331
151013,1510,Lima Provincias,Yauyos,308722,19662,149
151014,1510,Lima Provincias,Yauyos,308722,19662,596
151015,1510,Lima Provincias,Yauyos,308722,19662,637
151016,1510,Lima Provincias,Yauyos,308722,19662,941
151017,1510,Lima Provincias,Yauyos,308722,19662,432
151018,1510,Lima Provincias,Yauyos,308722,19662,546
151019,1510,Lima Provincias,Yauyos,308722,19662,447
151020,1510,Lima Provincias,Yauyos,308722,19662,570
151021,1510,Lima Provincias,Yauyos,308722,19662,229
151022,1510,Lima Provincias,Yauyos,308722,19662,593
151023,1510,Lima Provincias,Yauyos,308722,19662,498
151024,1510,Lima Provincias,Yauyos,308722,19662,609
151025,1510,Lima Provincias,Yauyos,308722,19662,428
151026,1510,Lima Provincias,Yauyos,308722,19662,166
151027,1510,Lima Provincias,Yauyos,308722,19662,275
151028,1510,Lima Provincias,Yauyos,308722,19662,507
151029,1510,Lima Provincias,Yauyos,308722,19662,499
151030,1510,Lima Provincias,Yauyos,308722,19662,520
151031,1510,Lima Provincias,Yauyos,308722,19662,533
151032,1510,Lima Provincias,Yauyos,308722,19662,1624
151033,1510,Lima Provincias,Yauyos,308722,19662,311
160101,1601,Loreto,Maynas,273622,225216,146853
160102,1601,Loreto,Maynas,273622,254650,2855
160103,1601,Loreto,Maynas,273622,225216,13875
160104,1601,Loreto,Maynas,273622,254650,10134
160105,1601,Loreto,Maynas,273622,254650,8032
160106,1601,Loreto,Maynas,273622,254650,12181
160107,1601,Loreto,Maynas,273622,254650,15003
160108,1601,Loreto,Maynas,273622,254650,75210
160110,1601,Loreto,Maynas,273622,254650,4230
160112,1601,Loreto,Maynas,273622,225216,64488
160113,1601,Loreto,Maynas,273622,254650,127005
160201,1602,Loreto,Alto Amazonas,273622,122725,83554
160202,1602,Loreto,Alto Amazonas,273622,122725,13707
160205,1602,Loreto,Alto Amazonas,273622,122725,3900
160206,1602,Loreto,Alto Amazonas,273622,122725,12033
160210,1602,Loreto,Alto Amazonas,273622,122725,3967
160211,1602,Loreto,Alto Amazonas,273622,122725,5564
160301,1603,Loreto,Loreto,273622,62437,29963
160302,1603,Loreto,Loreto,273622,62437,6085
160303,1603,Loreto,Loreto,273622,62437,6448
160304,1603,Loreto,Loreto,273622,62437,8396
160305,1603,Loreto,Loreto,273622,62437,11545
160401,1604,Loreto,Mariscal Ramón Castilla,273622,29627,19178
160402,1604,Loreto,Mariscal Ramón Castilla,273622,19445,11079
160403,1604,Loreto,Mariscal Ramón Castilla,273622,19445,8366
160404,1604,Loreto,Mariscal Ramón Castilla,273622,29627,10449
160501,1605,Loreto,Requena,273622,58511,25313
160502,1605,Loreto,Requena,273622,58511,1515
160503,1605,Loreto,Requena,273622,58511,2566
160504,1605,Loreto,Requena,273622,58511,6089
160505,1605,Loreto,Requena,273622,58511,7304
160506,1605,Loreto,Requena,273622,58511,4372
160507,1605,Loreto,Requena,273622,58511,3365
160508,1605,Loreto,Requena,273622,58511,569
160509,1605,Loreto,Requena,273622,58511,881
160510,1605,Loreto,Requena,273622,58511,4608
160511,1605,Loreto,Requena,273622,58511,1929
160601,1606,Loreto,Ucayali,273622,23883,23883
160602,1606,Loreto,Ucayali,273622,30754,1738
160603,1606,Loreto,Ucayali,273622,30754,3697
160604,1606,Loreto,Ucayali,273622,30754,5388
160605,1606,Loreto,Ucayali,273622,30754,13464
160606,1606,Loreto,Ucayali,273622,30754,6467
160701,1607,Loreto,Datem del Marañón,273622,43404,12742
160702,1607,Loreto,Datem del Marañón,273622,43404,6336
160703,1607,Loreto,Datem del Marañón,273622,43404,8421
160704,1607,Loreto,Datem del Marañón,273622,43404,4191
160705,1607,Loreto,Datem del Marañón,273622,5078,5078
160706,1607,Loreto,Datem del Marañón,273622,43404,11714
160801,1608,Loreto,Putumayo,273622,7780,3666
160802,1608,Loreto,Putumayo,273622,7780,520
160803,1608,Loreto,Putumayo,273622,7780,2317
160804,1608,Loreto,Putumayo,273622,7780,1277
170101,1701,Madre de Dios,Tambopata,66479,111474,81925
170102,1701,Madre de Dios,Tambopata,66479,111474,11570
170103,1701,Madre de Dios,Tambopata,66479,111474,12644
170104,1701,Madre de Dios,Tambopata,66479,111474,5335
170201,1702,Madre de Dios,Manu,66479,18549,2356
170202,1702,Madre de Dios,Manu,66479,18549,1402
170203,1702,Madre de Dios,Manu,66479,18549,6217
170204,1702,Madre de Dios,Manu,66479,18549,8574
170301,1703,Madre de Dios,Tahuamanu,66479,11047,2391
170302,1703,Madre de Dios,Tahuamanu,66479,11047,5791
170303,1703,Madre de Dios,Tahuamanu,66479,11047,2865
180101,1801,Moquegua,Mariscal Nieto,66479,85349,65808
180102,1801,Moquegua,Mariscal Nieto,66479,85349,2366
180103,1801,Moquegua,Mariscal Nieto,66479,85349,761
180104,1801,Moquegua,Mariscal Nieto,66479,85349,8480
180105,1801,Moquegua,Mariscal Nieto,66479,85349,1736
180106,1801,Moquegua,Mariscal Nieto,66479,85349,6198
180201,1802,Moquegua,General Sánchez Cerro,66479,14865,3158
180202,1802,Moquegua,General Sánchez Cerro,66479,14865,708
180203,1802,Moquegua,General Sánchez Cerro,66479,14865,948
180204,1802,Moquegua,General Sánchez Cerro,66479,14865,2901
180205,1802,Moquegua,General Sánchez Cerro,66479,14865,626
180206,1802,Moquegua,General Sánchez Cerro,66479,14865,570
180207,1802,Moquegua,General Sánchez Cerro,66479,14865,455
180208,1802,Moquegua,General Sánchez Cerro,66479,14865,2376
180209,1802,Moquegua,General Sánchez Cerro,66479,14865,518
180210,1802,Moquegua,General Sánchez Cerro,66479,14865,1741
180211,1802,Moquegua,General Sánchez Cerro,66479,14865,864
180301,1803,Moquegua,Ilo,66479,66479,66479
180302,1803,Moquegua,Ilo,66479,8170,3717
180303,1803,Moquegua,Ilo,66479,8170,4453
190101,1901,Pasco,Pasco,61107,84246,25627
190102,1901,Pasco,Pasco,61107,84246,4333
190103,1901,Pasco,Pasco,61107,84246,6925
190104,1901,Pasco,Pasco,61107,38769,9577
190105,1901,Pasco,Pasco,61107,84246,3877
190106,1901,Pasco,Pasco,61107,84246,1738
190107,1901,Pasco,Pasco,61107,84246,11216
190108,1901,Pasco,Pasco,61107,84246,4459
190109,1901,Pasco,Pasco,61107,84246,12663
190110,1901,Pasco,Pasco,61107,84246,3261
190111,1901,Pasco,Pasco,61107,84246,6755
190112,1901,Pasco,Pasco,61107,84246,3392
190113,1901,Pasco,Pasco,61107,38769,29192
190201,1902,Pasco,Daniel Alcides Carrión,61107,43580,11333
190202,1902,Pasco,Daniel Alcides Carrión,61107,43580,2006
190203,1902,Pasco,Daniel Alcides Carrión,61107,43580,1535
190204,1902,Pasco,Daniel Alcides Carrión,61107,43580,1776
190205,1902,Pasco,Daniel Alcides Carrión,61107,43580,1348
190206,1902,Pasco,Daniel Alcides Carrión,61107,43580,21217
190207,1902,Pasco,Daniel Alcides Carrión,61107,43580,2426
190208,1902,Pasco,Daniel Alcides Carrión,61107,43580,1939
190301,1903,Pasco,Oxapampa,61107,22338,15677
190302,1903,Pasco,Oxapampa,61107,65132,5334
190303,1903,Pasco,Oxapampa,61107,22338,6661
190304,1903,Pasco,Oxapampa,61107,65132,7130
190305,1903,Pasco,Oxapampa,61107,65132,4511
190306,1903,Pasco,Oxapampa,61107,65132,17249
190307,1903,Pasco,Oxapampa,61107,65132,17274
190308,1903,Pasco,Oxapampa,61107,65132,13634
200101,2001,Piura,Piura,828373,484475,158495
200104,2001,Piura,Piura,828373,484475,160201
200105,2001,Piura,Piura,828373,314846,75870
200107,2001,Piura,Piura,828373,314846,18671
200108,2001,Piura,Piura,828373,314846,5387
200109,2001,Piura,Piura,828373,314846,38734
200110,2001,Piura,Piura,828373,314846,41742
200111,2001,Piura,Piura,828373,314846,26947
200114,2001,Piura,Piura,828373,314846,107495
200115,2001,Piura,Piura,828373,484475,165779
200201,2002,Piura,Ayabaca,828373,109666,30852
200202,2002,Piura,Ayabaca,828373,109666,19896
200203,2002,Piura,Ayabaca,828373,109666,2405
200204,2002,Piura,Ayabaca,828373,109666,5734
200205,2002,Piura,Ayabaca,828373,109666,6179
200206,2002,Piura,Ayabaca,828373,109666,21257
200207,2002,Piura,Ayabaca,828373,9621,9621
200208,2002,Piura,Ayabaca,828373,109666,10510
200209,2002,Piura,Ayabaca,828373,109666,1654
200210,2002,Piura,Ayabaca,828373,109666,11179
200301,2003,Piura,Huancabamba,828373,111501,27599
200302,2003,Piura,Huancabamba,828373,111501,7317
200303,2003,Piura,Huancabamba,828373,111501,11186
200304,2003,Piura,Huancabamba,828373,111501,35548
200305,2003,Piura,Huancabamba,828373,111501,3871
200306,2003,Piura,Huancabamba,828373,111501,8678
200307,2003,Piura,Huancabamba,828373,111501,7140
200308,2003,Piura,Huancabamba,828373,111501,10162
200401,2004,Piura,Morropón,828373,148030,82521
200402,2004,Piura,Morropón,828373,148030,9410
200403,2004,Piura,Morropón,828373,148030,7789
200404,2004,Piura,Morropón,828373,13997,13997
200405,2004,Piura,Morropón,828373,148030,15239
200406,2004,Piura,Morropón,828373,148030,8527
200407,2004,Piura,Morropón,828373,148030,6433
200408,2004,Piura,Morropón,828373,148030,3650
200409,2004,Piura,Morropón,828373,148030,5960
200410,2004,Piura,Morropón,828373,148030,8501
200501,2005,Piura,Paita,828373,100929,87979
200502,2005,Piura,Paita,828373,28963,2413
200503,2005,Piura,Paita,828373,28963,1136
200504,2005,Piura,Paita,828373,28963,14869
200505,2005,Piura,Paita,828373,100929,12950
200506,2005,Piura,Paita,828373,28963,4923
200507,2005,Piura,Paita,828373,28963,5622
200601,2006,Piura,Sullana,828373,206865,169335
200602,2006,Piura,Sullana,828373,206865,37530
200603,2006,Piura,Sullana,828373,104589,20423
200604,2006,Piura,Sullana,828373,104589,12119
200605,2006,Piura,Sullana,828373,104589,29569
200606,2006,Piura,Sullana,828373,104589,9036
200607,2006,Piura,Sullana,828373,104589,26395
200608,2006,Piura,Sullana,828373,104589,7047
200701,2007,Piura,Talara,828373,131664,98309
200702,2007,Piura,Talara,828373,131664,8316
200703,2007,Piura,Talara,828373,12486,12486
200704,2007,Piura,Talara,828373,131664,1312
200705,2007,Piura,Talara,828373,131664,10699
200706,2007,Piura,Talara,828373,131664,13028
200801,2008,Piura,Sechura,828373,79177,44590
200802,2008,Piura,Sechura,828373,79177,4798
200803,2008,Piura,Sechura,828373,79177,6855
200804,2008,Piura,Sechura,828373,79177,4300
200805,2008,Piura,Sechura,828373,79177,15630
200806,2008,Piura,Sechura,828373,79177,3004
210101,2101,Puno,Puno,450809,150903,135288
210102,2101,Puno,Puno,450809,68591,22961
210103,2101,Puno,Puno,450809,68591,3452
210104,2101,Puno,Puno,450809,150903,4555
210105,2101,Puno,Puno,450809,68591,7540
210106,2101,Puno,Puno,450809,68591,7019
210107,2101,Puno,Puno,450809,68591,6588
210108,2101,Puno,Puno,450809,150903,3155
210109,2101,Puno,Puno,450809,150903,5144
210110,2101,Puno,Puno,450809,68591,4224
210111,2101,Puno,Puno,450809,68591,5679
210112,2101,Puno,Puno,450809,68591,7121
210113,2101,Puno,Puno,450809,68591,2413
210114,2101,Puno,Puno,450809,68591,1594
210115,2101,Puno,Puno,450809,150903,2761
210201,2102,Puno,Azángaro,450809,92958,30070
210202,2102,Puno,Azángaro,450809,92958,2826
210203,2102,Puno,Azángaro,450809,17434,7020
210204,2102,Puno,Azángaro,450809,92958,14484
210205,2102,Puno,Azángaro,450809,92958,2931
210206,2102,Puno,Azángaro,450809,17434,6475
210207,2102,Puno,Azángaro,450809,92958,4462
210208,2102,Puno,Azángaro,450809,92958,6445
210209,2102,Puno,Azángaro,450809,17434,3939
210210,2102,Puno,Azángaro,450809,92958,9645
210211,2102,Puno,Azángaro,450809,92958,7298
210212,2102,Puno,Azángaro,450809,92958,4818
210213,2102,Puno,Azángaro,450809,92958,2841
210214,2102,Puno,Azángaro,450809,92958,4407
210215,2102,Puno,Azángaro,450809,92958,2731
210301,2103,Puno,Carabaya,450809,69082,12664
210302,2103,Puno,Carabaya,450809,69082,2138
210303,2103,Puno,Carabaya,450809,69082,9299
210304,2103,Puno,Carabaya,450809,69082,6433
210305,2103,Puno,Carabaya,450809,4240,4240
210306,2103,Puno,Carabaya,450809,69082,9108
210307,2103,Puno,Carabaya,450809,69082,7526
210308,2103,Puno,Carabaya,450809,69082,6090
210309,2103,Puno,Carabaya,450809,69082,6832
210310,2103,Puno,Carabaya,450809,69082,8992
210401,2104,Puno,Chucuito,450809,89002,19773
210402,2104,Puno,Chucuito,450809,89002,13787
210403,2104,Puno,Chucuito,450809,89002,9237
210404,2104,Puno,Chucuito,450809,89002,7346
210405,2104,Puno,Chucuito,450809,89002,8223
210406,2104,Puno,Chucuito,450809,89002,13707
210407,2104,Puno,Chucuito,450809,89002,16929
210501,2105,Puno,El Collao,450809,63878,46018
210502,2105,Puno,El Collao,450809,63878,1130
210503,2105,Puno,El Collao,450809,63878,10672
210504,2105,Puno,El Collao,450809,63878,3529
210505,2105,Puno,El Collao,450809,63878,2529
210601,2106,Puno,Huancané,450809,52714,18742
210602,2106,Puno,Huancané,450809,52714,3764
210603,2106,Puno,Huancané,450809,52714,3083
210604,2106,Puno,Huancané,450809,52714,2642
210605,2106,Puno,Huancané,450809,4937,4937
210606,2106,Puno,Huancané,450809,52714,4079
210607,2106,Puno,Huancané,450809,52714,13193
210608,2106,Puno,Huancané,450809,52714,7211
210701,2107,Puno,Lampa,450809,39623,11206
210702,2107,Puno,Lampa,450809,39623,5352
210703,2107,Puno,Lampa,450809,39623,1585
210704,2107,Puno,Lampa,450809,39623,2360
210705,2107,Puno,Lampa,450809,39623,2237
210706,2107,Puno,Lampa,450809,39623,1817
210707,2107,Puno,Lampa,450809,39623,2732
210708,2107,Puno,Lampa,450809,39623,5306
210709,2107,Puno,Lampa,450809,39623,7028
210710,2107,Puno,Lampa,450809,1233,1233
210801,2108,Puno,Melgar,450809,24452,24452
210802,2108,Puno,Melgar,450809,42686,5359
210803,2108,Puno,Melgar,450809,42686,1986
210804,2108,Puno,Melgar,450809,42686,2532
210805,2108,Puno,Melgar,450809,42686,6947
210806,2108,Puno,Melgar,450809,42686,8450
210807,2108,Puno,Melgar,450809,42686,7651
210808,2108,Puno,Melgar,450809,42686,6197
210809,2108,Puno,Melgar,450809,42686,3564
210901,2109,Puno,Moho,450809,11518,11518
210902,2109,Puno,Moho,450809,8235,3151
210903,2109,Puno,Moho,450809,8235,2613
210904,2109,Puno,Moho,450809,8235,2471
211001,2110,Puno,San Antonio de Putina,450809,36113,14753
211002,2110,Puno,San Antonio de Putina,450809,36113,12615
211003,2110,Puno,San Antonio de Putina,450809,36113,1909
211004,2110,Puno,San Antonio de Putina,450809,36113,5187
211005,2110,Puno,San Antonio de Putina,450809,36113,1649
211101,2111,Puno,San Román,450809,228726,228726
211102,2111,Puno,San Román,450809,78691,4843
211103,2111,Puno,San Román,450809,78691,4567
211104,2111,Puno,San Román,450809,78691,6818
211105,2111,Puno,San Román,450809,78691,62463
211201,2112,Puno,Sandia,450809,50742,10266
211202,2112,Puno,Sandia,450809,50742,5024
211203,2112,Puno,Sandia,450809,50742,2970
211204,2112,Puno,Sandia,450809,50742,3863
211205,2112,Puno,Sandia,450809,50742,5091
211206,2112,Puno,Sandia,450809,50742,2131
211207,2112,Puno,Sandia,450809,50742,3733
211208,2112,Puno,Sandia,450809,50742,1936
211209,2112,Puno,Sandia,450809,50742,6604
211210,2112,Puno,Sandia,450809,50742,9124
211301,2113,Puno,Yunguyo,450809,29573,24515
211302,2113,Puno,Yunguyo,450809,29573,1782
211303,2113,Puno,Yunguyo,450809,7366,4655
211304,2113,Puno,Yunguyo,450809,29573,1270
211305,2113,Puno,Yunguyo,450809,7366,2711
211306,2113,Puno,Yunguyo,450809,29573,949
211307,2113,Puno,Yunguyo,450809,29573,1057
220101,2201,San Martín,Moyobamba,228434,76325,76325
220102,2201,San Martín,Moyobamba,228434,46040,4609
220103,2201,San Martín,Moyobamba,228434,46040,1675
220104,2201,San Martín,Moyobamba,228434,46040,15377
220105,2201,San Martín,Moyobamba,228434,46040,21514
220106,2201,San Martín,Moyobamba,228434,46040,2865
220201,2202,San Martín,Bellavista,228434,55033,16894
220202,2202,San Martín,Bellavista,228434,55033,7639
220203,2202,San Martín,Bellavista,228434,55033,13116
220204,2202,San Martín,Bellavista,228434,55033,2711
220205,2202,San Martín,Bellavista,228434,55033,8640
220206,2202,San Martín,Bellavista,228434,55033,6033
220301,2203,San Martín,El Dorado,228434,25086,14639
220302,2203,San Martín,El Dorado,228434,11666,2330
220303,2203,San Martín,El Dorado,228434,25086,10447
220304,2203,San Martín,El Dorado,228434,11666,6332
220305,2203,San Martín,El Dorado,228434,11666,3004
220401,2204,San Martín,Huallaga,228434,25056,13422
220402,2204,San Martín,Huallaga,228434,25056,4471
220403,2204,San Martín,Huallaga,228434,25056,2106
220404,2204,San Martín,Huallaga,228434,25056,4268
220405,2204,San Martín,Huallaga,228434,2450,2450
220406,2204,San Martín,Huallaga,228434,25056,789
220501,2205,San Martín,Lamas,228434,16472,14497
220502,2205,San Martín,Lamas,228434,65049,13462
220503,2205,San Martín,Lamas,228434,65049,6429
220504,2205,San Martín,Lamas,228434,65049,9546
220505,2205,San Martín,Lamas,228434,65049,3301
220506,2205,San Martín,Lamas,228434,65049,8086
220507,2205,San Martín,Lamas,228434,65049,3456
220508,2205,San Martín,Lamas,228434,65049,1635
220509,2205,San Martín,Lamas,228434,16472,1975
220510,2205,San Martín,Lamas,228434,65049,13879
220511,2205,San Martín,Lamas,228434,65049,5255
220601,2206,San Martín,Mariscal Cáceres,228434,32444,32444
220602,2206,San Martín,Mariscal Cáceres,228434,32182,12705
220603,2206,San Martín,Mariscal Cáceres,228434,32182,8385
220604,2206,San Martín,Mariscal Cáceres,228434,32182,5747
220605,2206,San Martín,Mariscal Cáceres,228434,32182,5345
220701,2207,San Martín,Picota,228434,35564,10203
220702,2207,San Martín,Picota,228434,4981,2924
220703,2207,San Martín,Picota,228434,35564,2126
220704,2207,San Martín,Picota,228434,4981,865
220705,2207,San Martín,Picota,228434,35564,2971
220706,2207,San Martín,Picota,228434,4981,1192
220707,2207,San Martín,Picota,228434,35564,3945
220708,2207,San Martín,Picota,228434,35564,8554
220709,2207,San Martín,Picota,228434,35564,3876
220710,2207,San Martín,Picota,228434,35564,3889
220801,2208,San Martín,Rioja,228434,25521,25521
220802,2208,San Martín,Rioja,228434,97023,7479
220803,2208,San Martín,Rioja,228434,97023,17661
220804,2208,San Martín,Rioja,228434,97023,43476
220805,2208,San Martín,Rioja,228434,97023,16797
220806,2208,San Martín,Rioja,228434,97023,1919
220807,2208,San Martín,Rioja,228434,97023,3413
220808,2208,San Martín,Rioja,228434,97023,2446
220809,2208,San Martín,Rioja,228434,97023,3832
220901,2209,San Martín,San Martín,228434,147940,76122
220902,2209,San Martín,San Martín,228434,147940,841
220903,2209,San Martín,San Martín,228434,147940,3604
220904,2209,San Martín,San Martín,228434,147940,9497
220905,2209,San Martín,San Martín,228434,147940,2249
220906,2209,San Martín,San Martín,228434,147940,2399
220907,2209,San Martín,San Martín,228434,147940,4975
220908,2209,San Martín,San Martín,228434,147940,3907
220909,2209,San Martín,San Martín,228434,45155,43481
220910,2209,San Martín,San Martín,228434,147940,33067
220911,2209,San Martín,San Martín,228434,147940,2073
220912,2209,San Martín,San Martín,228434,45155,1674
220913,2209,San Martín,San Martín,228434,147940,7263
220914,2209,San Martín,San Martín,228434,147940,1943
221001,2210,San Martín,Tocache,228434,69394,26166
221002,2210,San Martín,Tocache,228434,69394,11456
221003,2210,San Martín,Tocache,228434,69394,10308
221004,2210,San Martín,Tocache,228434,69394,1315
221005,2210,San Martín,Tocache,228434,69394,20149
230101,2301,Tacna,Tacna,222016,222016,92972
230102,2301,Tacna,Tacna,222016,84347,34061
230103,2301,Tacna,Tacna,222016,84347,2979
230104,2301,Tacna,Tacna,222016,84347,31866
230105,2301,Tacna,Tacna,222016,84347,2613
230106,2301,Tacna,Tacna,222016,84347,2062
230107,2301,Tacna,Tacna,222016,84347,1980
230108,2301,Tacna,Tacna,222016,222016,18627
230109,2301,Tacna,Tacna,222016,84347,3227
230110,2301,Tacna,Tacna,222016,222016,110417
230111,2301,Tacna,Tacna,222016,84347,5559
230201,2302,Tacna,Candarave,222016,6102,2354
230202,2302,Tacna,Candarave,222016,6102,988
230203,2302,Tacna,Candarave,222016,6102,1148
230204,2302,Tacna,Candarave,222016,6102,377
230205,2302,Tacna,Candarave,222016,6102,515
230206,2302,Tacna,Candarave,222016,6102,720
230301,2303,Tacna,Jorge Basadre,222016,10773,2256
230302,2303,Tacna,Jorge Basadre,222016,10773,5695
230303,2303,Tacna,Jorge Basadre,222016,10773,2822
230401,2304,Tacna,Tarata,222016,6094,3642
230402,2304,Tacna,Tarata,222016,6094,306
230403,2304,Tacna,Tarata,222016,6094,240
230404,2304,Tacna,Tarata,222016,6094,162
230405,2304,Tacna,Tarata,222016,6094,350
230406,2304,Tacna,Tarata,222016,6094,518
230407,2304,Tacna,Tarata,222016,6094,295
230408,2304,Tacna,Tarata,222016,6094,581
240101,2401,Tumbes,Tumbes,125946,102306,102306
240102,2401,Tumbes,Tumbes,125946,52656,23337
240103,2401,Tumbes,Tumbes,125946,52656,9507
240104,2401,Tumbes,Tumbes,125946,52656,6728
240105,2401,Tumbes,Tumbes,125946,52656,8512
240106,2401,Tumbes,Tumbes,125946,52656,4572
240201,2402,Tumbes,Contralmirante Villar,125946,21057,12371
240202,2402,Tumbes,Contralmirante Villar,125946,21057,2350
240203,2402,Tumbes,Contralmirante Villar,125946,21057,6336
240301,2403,Tumbes,Zarumilla,125946,25204,21776
240302,2403,Tumbes,Zarumilla,125946,23640,17366
240303,2403,Tumbes,Zarumilla,125946,25204,3428
240304,2403,Tumbes,Zarumilla,125946,23640,6274
250101,2501,Ucayali,Coronel Portillo,259109,259109,149999
250102,2501,Ucayali,Coronel Portillo,259109,125059,16059
250103,2501,Ucayali,Coronel Portillo,259109,125059,10328
250104,2501,Ucayali,Coronel Portillo,259109,125059,11147
250105,2501,Ucayali,Coronel Portillo,259109,259109,103941
250106,2501,Ucayali,Coronel Portillo,259109,259109,5169
250107,2501,Ucayali,Coronel Portillo,259109,125059,87525
250201,2502,Ucayali,Atalaya,259109,49324,32430
250202,2502,Ucayali,Atalaya,259109,49324,6655
250203,2502,Ucayali,Atalaya,259109,49324,8264
250204,2502,Ucayali,Atalaya,259109,49324,1975
250301,2503,Ucayali,Padre Abad,259109,60107,29440
250302,2503,Ucayali,Padre Abad,259109,60107,10214
250303,2503,Ucayali,Padre Abad,259109,60107,7722
250304,2503,Ucayali,Padre Abad,259109,60107,7594
250305,2503,Ucayali,Padre Abad,259109,60107,5137
250401,2504,Ucayali,Purús,259109,2860,2860
